lot_id,component_id,parameter_name,unit,value_0h,value_24h,value_96h,value_168h,synthetic_spec_min,synthetic_spec_max
LOT_001,LOT_001_CMP_0001,Iddq,uA,11.426675,11.838127,12.569529,12.558883,0.000000,50.000000
LOT_001,LOT_001_CMP_0001,leakage_current,nA,5.142804,5.128213,5.210805,5.298891,0.000000,30.000000
LOT_001,LOT_001_CMP_0001,propagation_delay,ps,127.020643,129.790157,128.262049,130.076508,80.000000,180.000000
LOT_001,LOT_001_CMP_0002,Iddq,uA,14.315942,14.937691,15.313843,15.467606,0.000000,50.000000
LOT_001,LOT_001_CMP_0002,leakage_current,nA,3.944248,3.999098,4.224611,4.223027,0.000000,30.000000
LOT_001,LOT_001_CMP_0002,propagation_delay,ps,111.535825,111.980517,113.972714,115.584475,80.000000,180.000000
LOT_001,LOT_001_CMP_0003,Iddq,uA,60.023999,60.328778,60.847593,61.235621,0.000000,50.000000
LOT_001,LOT_001_CMP_0003,leakage_current,nA,4.129534,4.183081,4.441902,4.458200,0.000000,30.000000
LOT_001,LOT_001_CMP_0003,propagation_delay,ps,118.879887,118.284427,117.990041,118.361647,80.000000,180.000000
LOT_001,LOT_001_CMP_0004,Iddq,uA,10.609446,10.620357,38.394102,169.031264,0.000000,50.000000
LOT_001,LOT_001_CMP_0004,leakage_current,nA,4.904218,4.698739,10.115725,26.438769,0.000000,30.000000
LOT_001,LOT_001_CMP_0004,propagation_delay,ps,116.830797,117.628941,118.334061,119.221433,80.000000,180.000000
LOT_001,LOT_001_CMP_0005,Iddq,uA,5.051213,5.200252,5.741400,5.572286,0.000000,50.000000
LOT_001,LOT_001_CMP_0005,leakage_current,nA,5.375041,5.415452,5.522849,5.620603,0.000000,30.000000
LOT_001,LOT_001_CMP_0005,propagation_delay,ps,119.536906,121.023485,120.061425,121.633603,80.000000,180.000000
LOT_001,LOT_001_CMP_0006,Iddq,uA,10.086683,10.456731,11.114441,11.279747,0.000000,50.000000
LOT_001,LOT_001_CMP_0006,leakage_current,nA,4.590270,4.574889,4.669018,4.777285,0.000000,30.000000
LOT_001,LOT_001_CMP_0006,propagation_delay,ps,126.016045,126.449864,126.272871,127.699332,80.000000,180.000000
LOT_001,LOT_001_CMP_0007,Iddq,uA,9.022803,9.712763,10.074814,9.900303,0.000000,50.000000
LOT_001,LOT_001_CMP_0007,leakage_current,nA,4.936424,4.946312,5.153574,5.296579,0.000000,30.000000
LOT_001,LOT_001_CMP_0007,propagation_delay,ps,101.097609,100.036217,100.927944,100.219988,80.000000,180.000000
LOT_001,LOT_001_CMP_0008,Iddq,uA,11.389588,11.601199,12.139290,12.322179,0.000000,50.000000
LOT_001,LOT_001_CMP_0008,leakage_current,nA,4.454252,4.425146,4.585845,4.944049,0.000000,30.000000
LOT_001,LOT_001_CMP_0008,propagation_delay,ps,124.479005,125.118073,128.296809,129.637890,80.000000,180.000000
LOT_001,LOT_001_CMP_0009,Iddq,uA,11.096004,11.563075,12.127691,12.570764,0.000000,50.000000
LOT_001,LOT_001_CMP_0009,leakage_current,nA,4.919512,5.082811,5.302063,5.345158,0.000000,30.000000
LOT_001,LOT_001_CMP_0009,propagation_delay,ps,124.369924,125.050348,124.889267,126.285203,80.000000,180.000000
LOT_001,LOT_001_CMP_0010,Iddq,uA,10.235315,10.656672,10.996693,11.385725,0.000000,50.000000
LOT_001,LOT_001_CMP_0010,leakage_current,nA,5.032173,5.067562,5.220712,5.267325,0.000000,30.000000
LOT_001,LOT_001_CMP_0010,propagation_delay,ps,118.960663,118.869907,120.532126,120.687659,80.000000,180.000000
LOT_001,LOT_001_CMP_0011,Iddq,uA,12.074943,12.343545,12.623564,12.686230,0.000000,50.000000
LOT_001,LOT_001_CMP_0011,leakage_current,nA,5.428657,5.716913,5.780085,5.867977,0.000000,30.000000
LOT_001,LOT_001_CMP_0011,propagation_delay,ps,115.701674,118.325851,118.779213,118.013891,80.000000,180.000000
LOT_001,LOT_001_CMP_0012,Iddq,uA,10.766615,10.876901,38.904436,169.520453,0.000000,50.000000
LOT_001,LOT_001_CMP_0012,leakage_current,nA,5.322425,5.310546,10.742909,27.048424,0.000000,30.000000
LOT_001,LOT_001_CMP_0012,propagation_delay,ps,121.382275,123.732680,124.895147,125.477290,80.000000,180.000000
LOT_001,LOT_001_CMP_0013,Iddq,uA,8.924034,9.062886,9.833739,10.278644,0.000000,50.000000
LOT_001,LOT_001_CMP_0013,leakage_current,nA,3.639987,3.935774,3.977830,4.069706,0.000000,30.000000
LOT_001,LOT_001_CMP_0013,propagation_delay,ps,116.562733,117.624045,119.763422,119.676069,80.000000,180.000000
LOT_001,LOT_001_CMP_0014,Iddq,uA,10.958928,11.222267,11.569663,12.000392,0.000000,50.000000
LOT_001,LOT_001_CMP_0014,leakage_current,nA,4.878799,5.013891,5.061370,5.160920,0.000000,30.000000
LOT_001,LOT_001_CMP_0014,propagation_delay,ps,123.166654,125.002818,124.100284,126.155366,80.000000,180.000000
LOT_001,LOT_001_CMP_0015,Iddq,uA,8.811797,9.362655,9.757744,10.153212,0.000000,50.000000
LOT_001,LOT_001_CMP_0015,leakage_current,nA,4.370528,4.290275,4.548125,4.530222,0.000000,30.000000
LOT_001,LOT_001_CMP_0015,propagation_delay,ps,119.222312,121.332476,121.465297,120.882684,80.000000,180.000000
LOT_001,LOT_001_CMP_0016,Iddq,uA,11.260603,11.417578,39.289400,170.038925,0.000000,50.000000
LOT_001,LOT_001_CMP_0016,leakage_current,nA,5.567699,5.635163,10.991439,26.959435,0.000000,30.000000
LOT_001,LOT_001_CMP_0016,propagation_delay,ps,132.480804,132.781495,133.886757,135.335171,80.000000,180.000000
LOT_001,LOT_001_CMP_0017,Iddq,uA,9.803448,10.370842,11.006289,10.915416,0.000000,50.000000
LOT_001,LOT_001_CMP_0017,leakage_current,nA,4.876350,4.891715,5.067416,5.024515,0.000000,30.000000
LOT_001,LOT_001_CMP_0017,propagation_delay,ps,121.065472,121.755796,121.919098,122.406875,80.000000,180.000000
LOT_001,LOT_001_CMP_0018,Iddq,uA,9.964574,10.141095,10.706613,10.940865,0.000000,50.000000
LOT_001,LOT_001_CMP_0018,leakage_current,nA,4.278356,4.431642,4.404417,4.549600,0.000000,30.000000
LOT_001,LOT_001_CMP_0018,propagation_delay,ps,116.959779,115.666302,116.435149,117.741353,80.000000,180.000000
LOT_001,LOT_001_CMP_0019,Iddq,uA,9.356187,9.577816,10.233592,10.397769,0.000000,50.000000
LOT_001,LOT_001_CMP_0019,leakage_current,nA,4.195061,4.276017,4.555343,4.423219,0.000000,30.000000
LOT_001,LOT_001_CMP_0019,propagation_delay,ps,119.265606,122.638386,121.820599,122.759621,80.000000,180.000000
LOT_001,LOT_001_CMP_0020,Iddq,uA,12.090821,12.000623,12.511360,12.693917,0.000000,50.000000
LOT_001,LOT_001_CMP_0020,leakage_current,nA,4.848048,5.050722,5.194930,5.245597,0.000000,30.000000
LOT_001,LOT_001_CMP_0020,propagation_delay,ps,124.273672,124.042360,126.765702,126.831357,80.000000,180.000000
LOT_001,LOT_001_CMP_0021,Iddq,uA,10.035397,10.418356,10.791944,11.120230,0.000000,50.000000
LOT_001,LOT_001_CMP_0021,leakage_current,nA,5.031521,5.159561,5.198226,5.310731,0.000000,30.000000
LOT_001,LOT_001_CMP_0021,propagation_delay,ps,128.731461,129.717021,129.577381,130.795866,80.000000,180.000000
LOT_001,LOT_001_CMP_0022,Iddq,uA,9.543295,9.912114,10.512318,10.323933,0.000000,50.000000
LOT_001,LOT_001_CMP_0022,leakage_current,nA,4.658841,4.747956,4.817285,5.020214,0.000000,30.000000
LOT_001,LOT_001_CMP_0022,propagation_delay,ps,125.770342,125.429445,126.647361,127.847061,80.000000,180.000000
LOT_001,LOT_001_CMP_0023,Iddq,uA,9.888996,10.026046,10.697600,10.743383,0.000000,50.000000
LOT_001,LOT_001_CMP_0023,leakage_current,nA,4.956536,5.079948,5.146500,5.264393,0.000000,30.000000
LOT_001,LOT_001_CMP_0023,propagation_delay,ps,122.766095,124.181934,125.747459,123.751656,80.000000,180.000000
LOT_001,LOT_001_CMP_0024,Iddq,uA,3.986987,4.118555,4.803987,4.948121,0.000000,50.000000
LOT_001,LOT_001_CMP_0024,leakage_current,nA,4.723324,5.048033,5.062812,5.139001,0.000000,30.000000
LOT_001,LOT_001_CMP_0024,propagation_delay,ps,129.517762,130.336696,132.034211,132.027062,80.000000,180.000000
LOT_001,LOT_001_CMP_0025,Iddq,uA,10.743751,11.095314,11.697270,11.682755,0.000000,50.000000
LOT_001,LOT_001_CMP_0025,leakage_current,nA,4.940201,5.247699,5.273246,5.459433,0.000000,30.000000
LOT_001,LOT_001_CMP_0025,propagation_delay,ps,116.889936,116.964882,118.180589,119.948937,80.000000,180.000000
LOT_001,LOT_001_CMP_0026,Iddq,uA,11.072203,11.117637,11.589403,11.961813,0.000000,50.000000
LOT_001,LOT_001_CMP_0026,leakage_current,nA,5.206669,5.404940,5.513669,5.611351,0.000000,30.000000
LOT_001,LOT_001_CMP_0026,propagation_delay,ps,118.973277,118.854876,119.299920,120.550957,80.000000,180.000000
LOT_001,LOT_001_CMP_0027,Iddq,uA,10.717178,11.088575,11.881283,11.991599,0.000000,50.000000
LOT_001,LOT_001_CMP_0027,leakage_current,nA,4.806064,5.014820,5.091881,5.172199,0.000000,30.000000
LOT_001,LOT_001_CMP_0027,propagation_delay,ps,118.083474,118.917108,118.982141,120.591188,80.000000,180.000000
LOT_001,LOT_001_CMP_0028,Iddq,uA,13.009846,13.528661,14.375507,14.254320,0.000000,50.000000
LOT_001,LOT_001_CMP_0028,leakage_current,nA,5.946463,5.943099,6.119683,6.139179,0.000000,30.000000
LOT_001,LOT_001_CMP_0028,propagation_delay,ps,124.607360,124.606658,126.406262,125.867349,80.000000,180.000000
LOT_001,LOT_001_CMP_0029,Iddq,uA,9.713687,10.123216,10.473548,10.610633,0.000000,50.000000
LOT_001,LOT_001_CMP_0029,leakage_current,nA,4.464550,4.507511,4.744492,4.593637,0.000000,30.000000
LOT_001,LOT_001_CMP_0029,propagation_delay,ps,113.381021,112.543415,113.771793,116.545489,80.000000,180.000000
LOT_001,LOT_001_CMP_0030,Iddq,uA,9.599968,9.704342,10.045034,10.060732,0.000000,50.000000
LOT_001,LOT_001_CMP_0030,leakage_current,nA,4.473421,4.814506,4.793107,4.784051,0.000000,30.000000
LOT_001,LOT_001_CMP_0030,propagation_delay,ps,124.181294,123.047021,124.889706,125.693704,80.000000,180.000000
LOT_001,LOT_001_CMP_0031,Iddq,uA,9.030633,9.508743,9.899964,10.183518,0.000000,50.000000
LOT_001,LOT_001_CMP_0031,leakage_current,nA,4.344123,4.574990,4.770923,4.633497,0.000000,30.000000
LOT_001,LOT_001_CMP_0031,propagation_delay,ps,118.024944,120.290286,119.900360,121.663051,80.000000,180.000000
LOT_001,LOT_001_CMP_0032,Iddq,uA,10.978821,11.610032,11.869643,12.123657,0.000000,50.000000
LOT_001,LOT_001_CMP_0032,leakage_current,nA,4.698348,4.648201,4.739296,4.849201,0.000000,30.000000
LOT_001,LOT_001_CMP_0032,propagation_delay,ps,115.661887,114.533971,117.128331,116.673896,80.000000,180.000000
LOT_001,LOT_001_CMP_0033,Iddq,uA,11.935563,11.750826,12.450126,12.550142,0.000000,50.000000
LOT_001,LOT_001_CMP_0033,leakage_current,nA,5.409944,5.599828,5.703120,5.767689,0.000000,30.000000
LOT_001,LOT_001_CMP_0033,propagation_delay,ps,119.150396,119.927013,119.789250,121.648116,80.000000,180.000000
LOT_001,LOT_001_CMP_0034,Iddq,uA,10.122704,10.427633,10.911503,11.107487,0.000000,50.000000
LOT_001,LOT_001_CMP_0034,leakage_current,nA,4.779428,4.713627,4.833471,4.868256,0.000000,30.000000
LOT_001,LOT_001_CMP_0034,propagation_delay,ps,122.196180,122.512971,123.629287,124.770339,80.000000,180.000000
LOT_001,LOT_001_CMP_0035,Iddq,uA,9.056755,9.360856,9.696500,10.181360,0.000000,50.000000
LOT_001,LOT_001_CMP_0035,leakage_current,nA,4.616512,4.648559,4.746542,4.913150,0.000000,30.000000
LOT_001,LOT_001_CMP_0035,propagation_delay,ps,124.375829,123.553506,125.489401,126.239972,80.000000,180.000000
LOT_001,LOT_001_CMP_0036,Iddq,uA,8.893602,9.403607,9.615052,10.268705,0.000000,50.000000
LOT_001,LOT_001_CMP_0036,leakage_current,nA,4.862172,4.846107,5.032828,4.881459,0.000000,30.000000
LOT_001,LOT_001_CMP_0036,propagation_delay,ps,129.410212,130.586825,130.795918,132.711700,80.000000,180.000000
LOT_001,LOT_001_CMP_0037,Iddq,uA,11.393255,11.263742,11.772760,12.168698,0.000000,50.000000
LOT_001,LOT_001_CMP_0037,leakage_current,nA,5.413591,5.290884,5.546041,5.742322,0.000000,30.000000
LOT_001,LOT_001_CMP_0037,propagation_delay,ps,203.678593,204.461703,205.979449,206.388422,80.000000,180.000000
LOT_001,LOT_001_CMP_0038,Iddq,uA,11.345276,11.606209,11.761861,12.340418,0.000000,50.000000
LOT_001,LOT_001_CMP_0038,leakage_current,nA,5.365364,5.617495,5.602776,5.672554,0.000000,30.000000
LOT_001,LOT_001_CMP_0038,propagation_delay,ps,126.226510,126.890505,127.470419,126.250020,80.000000,180.000000
LOT_001,LOT_001_CMP_0039,Iddq,uA,11.023951,11.134674,11.783257,11.769407,0.000000,50.000000
LOT_001,LOT_001_CMP_0039,leakage_current,nA,5.049361,5.053100,5.152460,5.382677,0.000000,30.000000
LOT_001,LOT_001_CMP_0039,propagation_delay,ps,118.119690,117.921751,120.405653,119.378746,80.000000,180.000000
LOT_001,LOT_001_CMP_0040,Iddq,uA,9.255933,9.638027,9.962886,10.361508,0.000000,50.000000
LOT_001,LOT_001_CMP_0040,leakage_current,nA,4.392797,4.506514,4.785901,4.664143,0.000000,30.000000
LOT_001,LOT_001_CMP_0040,propagation_delay,ps,107.338773,111.044305,112.626795,110.749675,80.000000,180.000000
LOT_001,LOT_001_CMP_0041,Iddq,uA,10.217330,10.807857,11.269642,11.519088,0.000000,50.000000
LOT_001,LOT_001_CMP_0041,leakage_current,nA,4.819370,5.058778,5.191817,5.100805,0.000000,30.000000
LOT_001,LOT_001_CMP_0041,propagation_delay,ps,124.236804,125.806153,125.133349,125.212479,80.000000,180.000000
LOT_001,LOT_001_CMP_0042,Iddq,uA,10.324890,10.785052,10.891309,11.410570,0.000000,50.000000
LOT_001,LOT_001_CMP_0042,leakage_current,nA,4.151028,4.434064,4.409747,4.627613,0.000000,30.000000
LOT_001,LOT_001_CMP_0042,propagation_delay,ps,116.524646,118.364004,118.981493,118.517293,80.000000,180.000000
LOT_001,LOT_001_CMP_0043,Iddq,uA,10.515604,11.017446,11.245144,11.274921,0.000000,50.000000
LOT_001,LOT_001_CMP_0043,leakage_current,nA,4.320219,4.353402,4.535652,4.627013,0.000000,30.000000
LOT_001,LOT_001_CMP_0043,propagation_delay,ps,118.379636,118.938189,121.448146,121.130876,80.000000,180.000000
LOT_001,LOT_001_CMP_0044,Iddq,uA,11.018119,11.867131,12.248405,12.335470,0.000000,50.000000
LOT_001,LOT_001_CMP_0044,leakage_current,nA,4.506821,4.783004,4.881531,5.114691,0.000000,30.000000
LOT_001,LOT_001_CMP_0044,propagation_delay,ps,120.571023,121.031593,121.419664,122.693185,80.000000,180.000000
LOT_001,LOT_001_CMP_0045,Iddq,uA,10.589627,11.403623,39.196889,169.877488,0.000000,50.000000
LOT_001,LOT_001_CMP_0045,leakage_current,nA,4.476528,4.818121,10.274726,26.318149,0.000000,30.000000
LOT_001,LOT_001_CMP_0045,propagation_delay,ps,120.954816,122.032454,122.416360,123.861170,80.000000,180.000000
LOT_001,LOT_001_CMP_0046,Iddq,uA,10.795543,11.355877,11.820666,11.824977,0.000000,50.000000
LOT_001,LOT_001_CMP_0046,leakage_current,nA,5.198022,5.305872,5.500440,5.676066,0.000000,30.000000
LOT_001,LOT_001_CMP_0046,propagation_delay,ps,128.713799,128.571755,130.182619,131.554080,80.000000,180.000000
LOT_001,LOT_001_CMP_0047,Iddq,uA,10.131047,10.487428,11.165942,11.283931,0.000000,50.000000
LOT_001,LOT_001_CMP_0047,leakage_current,nA,4.548918,4.600000,4.794668,4.726229,0.000000,30.000000
LOT_001,LOT_001_CMP_0047,propagation_delay,ps,122.488673,122.816347,122.843963,123.052451,80.000000,180.000000
LOT_001,LOT_001_CMP_0048,Iddq,uA,10.690460,10.881528,11.238974,11.612891,0.000000,50.000000
LOT_001,LOT_001_CMP_0048,leakage_current,nA,4.892408,4.723680,4.923851,5.040252,0.000000,30.000000
LOT_001,LOT_001_CMP_0048,propagation_delay,ps,122.701401,122.245086,123.464647,122.425222,80.000000,180.000000
LOT_001,LOT_001_CMP_0049,Iddq,uA,10.898703,11.480379,11.880094,12.188665,0.000000,50.000000
LOT_001,LOT_001_CMP_0049,leakage_current,nA,5.625538,5.766775,5.894617,6.014689,0.000000,30.000000
LOT_001,LOT_001_CMP_0049,propagation_delay,ps,118.945098,117.490152,117.820011,120.905780,80.000000,180.000000
LOT_001,LOT_001_CMP_0050,Iddq,uA,8.320971,8.336292,8.668556,9.197388,0.000000,50.000000
LOT_001,LOT_001_CMP_0050,leakage_current,nA,4.250309,4.423621,4.458561,4.458021,0.000000,30.000000
LOT_001,LOT_001_CMP_0050,propagation_delay,ps,109.144501,110.354725,110.937928,110.851844,80.000000,180.000000
LOT_002,LOT_002_CMP_0001,Iddq,uA,9.906248,10.095084,10.755270,10.818347,0.000000,50.000000
LOT_002,LOT_002_CMP_0001,leakage_current,nA,5.193591,5.389466,5.539593,5.515874,0.000000,30.000000
LOT_002,LOT_002_CMP_0001,propagation_delay,ps,125.099989,125.722629,126.777441,126.538489,80.000000,180.000000
LOT_002,LOT_002_CMP_0002,Iddq,uA,12.630795,12.144161,40.437818,171.023165,0.000000,50.000000
LOT_002,LOT_002_CMP_0002,leakage_current,nA,5.436469,5.381215,10.813639,27.177505,0.000000,30.000000
LOT_002,LOT_002_CMP_0002,propagation_delay,ps,128.277343,129.230711,129.545638,130.278582,80.000000,180.000000
LOT_002,LOT_002_CMP_0003,Iddq,uA,12.125633,12.911979,41.078750,171.818775,0.000000,50.000000
LOT_002,LOT_002_CMP_0003,leakage_current,nA,4.646986,4.909380,10.170147,26.455186,0.000000,30.000000
LOT_002,LOT_002_CMP_0003,propagation_delay,ps,116.852979,117.280080,117.588370,118.614755,80.000000,180.000000
LOT_002,LOT_002_CMP_0004,Iddq,uA,11.922432,12.375437,12.696940,12.835183,0.000000,50.000000
LOT_002,LOT_002_CMP_0004,leakage_current,nA,5.925592,5.768249,6.170771,5.918768,0.000000,30.000000
LOT_002,LOT_002_CMP_0004,propagation_delay,ps,127.779180,130.005924,130.858309,130.032900,80.000000,180.000000
LOT_002,LOT_002_CMP_0005,Iddq,uA,12.871969,13.530940,13.710899,14.354944,0.000000,50.000000
LOT_002,LOT_002_CMP_0005,leakage_current,nA,6.013918,6.150686,6.384837,6.336470,0.000000,30.000000
LOT_002,LOT_002_CMP_0005,propagation_delay,ps,121.593017,122.793668,123.684738,123.107992,80.000000,180.000000
LOT_002,LOT_002_CMP_0006,Iddq,uA,12.080398,12.354018,13.062146,13.163686,0.000000,50.000000
LOT_002,LOT_002_CMP_0006,leakage_current,nA,5.607913,5.726015,5.889803,5.991798,0.000000,30.000000
LOT_002,LOT_002_CMP_0006,propagation_delay,ps,117.749849,118.202907,120.751697,120.024642,80.000000,180.000000
LOT_002,LOT_002_CMP_0007,Iddq,uA,12.052747,12.678419,13.139498,13.075387,0.000000,50.000000
LOT_002,LOT_002_CMP_0007,leakage_current,nA,6.040535,6.184995,6.293543,6.384651,0.000000,30.000000
LOT_002,LOT_002_CMP_0007,propagation_delay,ps,124.996547,126.871352,127.196201,127.538623,80.000000,180.000000
LOT_002,LOT_002_CMP_0008,Iddq,uA,12.251506,12.689387,13.194797,13.357864,0.000000,50.000000
LOT_002,LOT_002_CMP_0008,leakage_current,nA,5.653782,5.794750,5.965322,5.984171,0.000000,30.000000
LOT_002,LOT_002_CMP_0008,propagation_delay,ps,126.500143,127.541092,127.666440,127.616995,80.000000,180.000000
LOT_002,LOT_002_CMP_0009,Iddq,uA,11.644190,12.071448,40.036033,170.754328,0.000000,50.000000
LOT_002,LOT_002_CMP_0009,leakage_current,nA,5.555565,5.561971,11.052459,27.222266,0.000000,30.000000
LOT_002,LOT_002_CMP_0009,propagation_delay,ps,120.723946,123.352199,122.629536,122.192614,80.000000,180.000000
LOT_002,LOT_002_CMP_0010,Iddq,uA,8.575441,8.925615,9.544743,9.730841,0.000000,50.000000
LOT_002,LOT_002_CMP_0010,leakage_current,nA,5.101554,5.282049,5.397107,5.465701,0.000000,30.000000
LOT_002,LOT_002_CMP_0010,propagation_delay,ps,125.369686,126.021289,124.673796,126.555166,80.000000,180.000000
LOT_002,LOT_002_CMP_0011,Iddq,uA,11.019291,11.698305,12.150347,12.542874,0.000000,50.000000
LOT_002,LOT_002_CMP_0011,leakage_current,nA,5.599568,5.624751,5.705944,5.855286,0.000000,30.000000
LOT_002,LOT_002_CMP_0011,propagation_delay,ps,117.456250,118.364029,119.985828,119.237260,80.000000,180.000000
LOT_002,LOT_002_CMP_0012,Iddq,uA,10.571436,10.898768,11.112085,11.636390,0.000000,50.000000
LOT_002,LOT_002_CMP_0012,leakage_current,nA,5.602506,5.658747,5.727050,5.789800,0.000000,30.000000
LOT_002,LOT_002_CMP_0012,propagation_delay,ps,120.997857,122.348621,121.981822,123.582890,80.000000,180.000000
LOT_002,LOT_002_CMP_0013,Iddq,uA,9.251213,10.126866,38.233146,169.251181,0.000000,50.000000
LOT_002,LOT_002_CMP_0013,leakage_current,nA,5.185411,5.653357,10.947583,27.168490,0.000000,30.000000
LOT_002,LOT_002_CMP_0013,propagation_delay,ps,118.998551,119.746213,120.099260,121.872006,80.000000,180.000000
LOT_002,LOT_002_CMP_0014,Iddq,uA,54.931529,55.516409,55.708064,56.030683,0.000000,50.000000
LOT_002,LOT_002_CMP_0014,leakage_current,nA,5.686718,5.912849,6.129500,6.078202,0.000000,30.000000
LOT_002,LOT_002_CMP_0014,propagation_delay,ps,127.722276,127.474649,129.014685,128.410442,80.000000,180.000000
LOT_002,LOT_002_CMP_0015,Iddq,uA,13.512915,14.030438,14.652418,15.110949,0.000000,50.000000
LOT_002,LOT_002_CMP_0015,leakage_current,nA,6.022821,6.288544,6.330664,6.369565,0.000000,30.000000
LOT_002,LOT_002_CMP_0015,propagation_delay,ps,130.193167,130.383183,131.253743,131.325318,80.000000,180.000000
LOT_002,LOT_002_CMP_0016,Iddq,uA,12.922446,13.247192,14.034868,14.130378,0.000000,50.000000
LOT_002,LOT_002_CMP_0016,leakage_current,nA,10.904126,11.056466,11.256824,11.278159,0.000000,30.000000
LOT_002,LOT_002_CMP_0016,propagation_delay,ps,122.466245,124.458681,125.572772,125.191627,80.000000,180.000000
LOT_002,LOT_002_CMP_0017,Iddq,uA,11.732602,12.119420,12.560786,12.718388,0.000000,50.000000
LOT_002,LOT_002_CMP_0017,leakage_current,nA,5.291420,5.389097,5.397181,5.611526,0.000000,30.000000
LOT_002,LOT_002_CMP_0017,propagation_delay,ps,127.542813,128.478343,130.988651,131.104533,80.000000,180.000000
LOT_002,LOT_002_CMP_0018,Iddq,uA,13.343238,13.425951,13.752010,14.123784,0.000000,50.000000
LOT_002,LOT_002_CMP_0018,leakage_current,nA,5.244212,5.346341,5.568160,5.519064,0.000000,30.000000
LOT_002,LOT_002_CMP_0018,propagation_delay,ps,127.693032,127.107061,129.089993,129.218784,80.000000,180.000000
LOT_002,LOT_002_CMP_0019,Iddq,uA,11.133656,11.557327,12.023220,12.245325,0.000000,50.000000
LOT_002,LOT_002_CMP_0019,leakage_current,nA,4.998954,4.953343,5.079151,5.001367,0.000000,30.000000
LOT_002,LOT_002_CMP_0019,propagation_delay,ps,113.755563,114.747028,115.240581,117.381187,80.000000,180.000000
LOT_002,LOT_002_CMP_0020,Iddq,uA,11.488429,12.053010,12.327144,12.558475,0.000000,50.000000
LOT_002,LOT_002_CMP_0020,leakage_current,nA,5.724295,5.835675,6.110318,5.857746,0.000000,30.000000
LOT_002,LOT_002_CMP_0020,propagation_delay,ps,113.512850,115.166108,116.444044,117.471063,80.000000,180.000000
LOT_002,LOT_002_CMP_0021,Iddq,uA,9.769357,9.910757,38.180473,168.849858,0.000000,50.000000
LOT_002,LOT_002_CMP_0021,leakage_current,nA,5.275051,5.427339,10.772138,26.905407,0.000000,30.000000
LOT_002,LOT_002_CMP_0021,propagation_delay,ps,122.741956,122.758751,123.503109,125.166958,80.000000,180.000000
LOT_002,LOT_002_CMP_0022,Iddq,uA,11.417410,11.842389,39.936204,170.727487,0.000000,50.000000
LOT_002,LOT_002_CMP_0022,leakage_current,nA,5.719278,5.709060,11.150834,27.360779,0.000000,30.000000
LOT_002,LOT_002_CMP_0022,propagation_delay,ps,126.375382,126.337395,125.398378,125.923469,80.000000,180.000000
LOT_002,LOT_002_CMP_0023,Iddq,uA,11.141413,11.747574,40.075485,170.611051,0.000000,50.000000
LOT_002,LOT_002_CMP_0023,leakage_current,nA,6.177099,6.295871,11.762929,28.035778,0.000000,30.000000
LOT_002,LOT_002_CMP_0023,propagation_delay,ps,124.943293,125.470861,124.912269,127.138967,80.000000,180.000000
LOT_002,LOT_002_CMP_0024,Iddq,uA,9.285509,9.847043,10.208664,10.238803,0.000000,50.000000
LOT_002,LOT_002_CMP_0024,leakage_current,nA,4.008271,4.166768,4.324020,4.334204,0.000000,30.000000
LOT_002,LOT_002_CMP_0024,propagation_delay,ps,122.063338,122.130482,121.950927,123.242906,80.000000,180.000000
LOT_002,LOT_002_CMP_0025,Iddq,uA,11.447646,11.721650,39.302601,170.015533,0.000000,50.000000
LOT_002,LOT_002_CMP_0025,leakage_current,nA,5.913845,5.800389,11.179248,27.446156,0.000000,30.000000
LOT_002,LOT_002_CMP_0025,propagation_delay,ps,126.181067,126.249527,126.642770,127.110409,80.000000,180.000000
LOT_002,LOT_002_CMP_0026,Iddq,uA,11.010781,11.332279,12.264596,12.201979,0.000000,50.000000
LOT_002,LOT_002_CMP_0026,leakage_current,nA,6.351602,6.345507,6.507201,6.535493,0.000000,30.000000
LOT_002,LOT_002_CMP_0026,propagation_delay,ps,127.703151,129.208669,129.694358,129.829584,80.000000,180.000000
LOT_002,LOT_002_CMP_0027,Iddq,uA,13.566535,14.291156,14.543893,14.979144,0.000000,50.000000
LOT_002,LOT_002_CMP_0027,leakage_current,nA,5.852441,5.986140,5.988907,6.173395,0.000000,30.000000
LOT_002,LOT_002_CMP_0027,propagation_delay,ps,123.270854,122.713123,124.453850,124.945726,80.000000,180.000000
LOT_002,LOT_002_CMP_0028,Iddq,uA,12.398719,12.659310,13.108252,13.533849,0.000000,50.000000
LOT_002,LOT_002_CMP_0028,leakage_current,nA,5.835215,5.849624,6.052597,6.166614,0.000000,30.000000
LOT_002,LOT_002_CMP_0028,propagation_delay,ps,121.067529,122.301038,122.912896,121.576836,80.000000,180.000000
LOT_002,LOT_002_CMP_0029,Iddq,uA,11.497815,11.435631,39.731231,170.252410,0.000000,50.000000
LOT_002,LOT_002_CMP_0029,leakage_current,nA,5.295984,5.274340,10.805230,26.894205,0.000000,30.000000
LOT_002,LOT_002_CMP_0029,propagation_delay,ps,119.662436,120.588589,119.569403,120.935066,80.000000,180.000000
LOT_002,LOT_002_CMP_0030,Iddq,uA,11.468747,11.829857,12.498449,12.611496,0.000000,50.000000
LOT_002,LOT_002_CMP_0030,leakage_current,nA,5.494322,5.420544,5.676513,5.674860,0.000000,30.000000
LOT_002,LOT_002_CMP_0030,propagation_delay,ps,127.097789,126.589998,127.739854,128.173660,80.000000,180.000000
LOT_002,LOT_002_CMP_0031,Iddq,uA,11.165742,11.737037,12.193407,12.419905,0.000000,50.000000
LOT_002,LOT_002_CMP_0031,leakage_current,nA,5.645398,5.742360,5.733861,5.864201,0.000000,30.000000
LOT_002,LOT_002_CMP_0031,propagation_delay,ps,130.570202,131.574325,131.907618,134.170032,80.000000,180.000000
LOT_002,LOT_002_CMP_0032,Iddq,uA,10.999729,11.259043,11.928936,11.659302,0.000000,50.000000
LOT_002,LOT_002_CMP_0032,leakage_current,nA,6.017689,6.346456,6.425070,6.510769,0.000000,30.000000
LOT_002,LOT_002_CMP_0032,propagation_delay,ps,121.382025,122.911113,125.364284,124.907394,80.000000,180.000000
LOT_002,LOT_002_CMP_0033,Iddq,uA,9.739311,9.994571,10.459388,10.434196,0.000000,50.000000
LOT_002,LOT_002_CMP_0033,leakage_current,nA,6.053724,6.204724,6.148479,6.292116,0.000000,30.000000
LOT_002,LOT_002_CMP_0033,propagation_delay,ps,109.059329,109.699578,111.346421,110.122672,80.000000,180.000000
LOT_002,LOT_002_CMP_0034,Iddq,uA,11.109921,11.477433,11.784834,11.685395,0.000000,50.000000
LOT_002,LOT_002_CMP_0034,leakage_current,nA,5.367533,5.649850,5.466422,5.731361,0.000000,30.000000
LOT_002,LOT_002_CMP_0034,propagation_delay,ps,114.574428,116.648643,116.296672,117.646485,80.000000,180.000000
LOT_002,LOT_002_CMP_0035,Iddq,uA,10.269535,10.806723,10.958993,11.280843,0.000000,50.000000
LOT_002,LOT_002_CMP_0035,leakage_current,nA,6.065532,6.383541,6.364911,6.451392,0.000000,30.000000
LOT_002,LOT_002_CMP_0035,propagation_delay,ps,119.291080,118.545129,120.810229,121.887744,80.000000,180.000000
LOT_002,LOT_002_CMP_0036,Iddq,uA,9.522752,9.587051,10.264959,10.629837,0.000000,50.000000
LOT_002,LOT_002_CMP_0036,leakage_current,nA,5.054978,5.223208,5.516757,5.538741,0.000000,30.000000
LOT_002,LOT_002_CMP_0036,propagation_delay,ps,119.368636,121.013213,120.732236,121.370262,80.000000,180.000000
LOT_002,LOT_002_CMP_0037,Iddq,uA,12.351576,12.259467,12.630000,13.048854,0.000000,50.000000
LOT_002,LOT_002_CMP_0037,leakage_current,nA,6.612703,6.639418,6.736407,7.074287,0.000000,30.000000
LOT_002,LOT_002_CMP_0037,propagation_delay,ps,124.518034,124.157289,126.307639,125.974136,80.000000,180.000000
LOT_002,LOT_002_CMP_0038,Iddq,uA,11.739092,12.207938,12.387961,12.869639,0.000000,50.000000
LOT_002,LOT_002_CMP_0038,leakage_current,nA,5.900945,5.889175,5.959227,6.019256,0.000000,30.000000
LOT_002,LOT_002_CMP_0038,propagation_delay,ps,125.405440,126.017100,126.749801,128.271654,80.000000,180.000000
LOT_002,LOT_002_CMP_0039,Iddq,uA,8.467882,9.203736,9.475629,9.824126,0.000000,50.000000
LOT_002,LOT_002_CMP_0039,leakage_current,nA,4.960445,5.260867,5.391671,5.439288,0.000000,30.000000
LOT_002,LOT_002_CMP_0039,propagation_delay,ps,117.914299,120.275958,120.768322,119.646779,80.000000,180.000000
LOT_002,LOT_002_CMP_0040,Iddq,uA,11.053850,11.382175,39.470129,170.081019,0.000000,50.000000
LOT_002,LOT_002_CMP_0040,leakage_current,nA,5.779366,5.963957,11.344150,27.216703,0.000000,30.000000
LOT_002,LOT_002_CMP_0040,propagation_delay,ps,129.642884,130.251672,129.813490,131.777074,80.000000,180.000000
LOT_002,LOT_002_CMP_0041,Iddq,uA,12.810549,12.806824,13.478414,13.525583,0.000000,50.000000
LOT_002,LOT_002_CMP_0041,leakage_current,nA,7.306678,7.582594,7.558442,7.709324,0.000000,30.000000
LOT_002,LOT_002_CMP_0041,propagation_delay,ps,122.893571,126.366957,126.191002,126.049438,80.000000,180.000000
LOT_002,LOT_002_CMP_0042,Iddq,uA,12.798499,12.847267,13.694265,13.703290,0.000000,50.000000
LOT_002,LOT_002_CMP_0042,leakage_current,nA,6.376700,6.457665,6.587989,6.760516,0.000000,30.000000
LOT_002,LOT_002_CMP_0042,propagation_delay,ps,123.096874,123.900105,124.203448,125.107601,80.000000,180.000000
LOT_002,LOT_002_CMP_0043,Iddq,uA,12.602598,13.346458,13.234954,13.894286,0.000000,50.000000
LOT_002,LOT_002_CMP_0043,leakage_current,nA,5.827044,5.753411,6.137369,6.109167,0.000000,30.000000
LOT_002,LOT_002_CMP_0043,propagation_delay,ps,130.007165,129.739230,130.374808,130.867620,80.000000,180.000000
LOT_002,LOT_002_CMP_0044,Iddq,uA,11.342311,11.840483,12.115648,12.186736,0.000000,50.000000
LOT_002,LOT_002_CMP_0044,leakage_current,nA,6.137681,6.249391,6.365515,6.443283,0.000000,30.000000
LOT_002,LOT_002_CMP_0044,propagation_delay,ps,116.974486,116.934595,117.815008,117.687751,80.000000,180.000000
LOT_002,LOT_002_CMP_0045,Iddq,uA,10.081732,10.380246,10.784911,10.642568,0.000000,50.000000
LOT_002,LOT_002_CMP_0045,leakage_current,nA,5.083828,5.377253,5.371859,5.524377,0.000000,30.000000
LOT_002,LOT_002_CMP_0045,propagation_delay,ps,123.571771,126.321841,125.887431,126.721244,80.000000,180.000000
LOT_002,LOT_002_CMP_0046,Iddq,uA,10.060942,9.939541,37.725313,168.350027,0.000000,50.000000
LOT_002,LOT_002_CMP_0046,leakage_current,nA,5.016263,5.083098,10.433888,26.610687,0.000000,30.000000
LOT_002,LOT_002_CMP_0046,propagation_delay,ps,123.814473,123.035918,125.798734,124.518215,80.000000,180.000000
LOT_002,LOT_002_CMP_0047,Iddq,uA,11.979498,11.765298,39.915367,170.329944,0.000000,50.000000
LOT_002,LOT_002_CMP_0047,leakage_current,nA,6.088995,6.194072,11.636380,27.760516,0.000000,30.000000
LOT_002,LOT_002_CMP_0047,propagation_delay,ps,123.942214,124.369680,125.147954,125.362124,80.000000,180.000000
LOT_002,LOT_002_CMP_0048,Iddq,uA,11.776668,12.275576,12.562952,12.460904,0.000000,50.000000
LOT_002,LOT_002_CMP_0048,leakage_current,nA,5.781218,5.887427,6.205575,5.991824,0.000000,30.000000
LOT_002,LOT_002_CMP_0048,propagation_delay,ps,133.371646,135.535428,135.362505,135.939731,80.000000,180.000000
LOT_002,LOT_002_CMP_0049,Iddq,uA,13.048705,13.427582,13.952877,13.949815,0.000000,50.000000
LOT_002,LOT_002_CMP_0049,leakage_current,nA,6.302577,6.226464,6.500018,6.558548,0.000000,30.000000
LOT_002,LOT_002_CMP_0049,propagation_delay,ps,123.971591,124.933035,125.284928,125.412157,80.000000,180.000000
LOT_002,LOT_002_CMP_0050,Iddq,uA,12.716183,12.950200,13.622363,13.636433,0.000000,50.000000
LOT_002,LOT_002_CMP_0050,leakage_current,nA,6.108495,6.060990,6.247649,6.313485,0.000000,30.000000
LOT_002,LOT_002_CMP_0050,propagation_delay,ps,138.772279,138.462952,138.861110,139.916030,80.000000,180.000000
LOT_003,LOT_003_CMP_0001,Iddq,uA,8.940263,9.625586,9.560668,9.945291,0.000000,50.000000
LOT_003,LOT_003_CMP_0001,leakage_current,nA,4.793397,4.848817,4.835252,4.979367,0.000000,30.000000
LOT_003,LOT_003_CMP_0001,propagation_delay,ps,120.646674,121.357198,121.404465,122.378511,80.000000,180.000000
LOT_003,LOT_003_CMP_0002,Iddq,uA,8.591055,9.197605,9.702985,9.836371,0.000000,50.000000
LOT_003,LOT_003_CMP_0002,leakage_current,nA,4.392090,4.704348,4.791871,4.775129,0.000000,30.000000
LOT_003,LOT_003_CMP_0002,propagation_delay,ps,123.647124,123.157627,124.369611,125.246248,80.000000,180.000000
LOT_003,LOT_003_CMP_0003,Iddq,uA,9.687327,9.753712,10.403815,10.462038,0.000000,50.000000
LOT_003,LOT_003_CMP_0003,leakage_current,nA,4.942312,5.015137,5.233737,5.191608,0.000000,30.000000
LOT_003,LOT_003_CMP_0003,propagation_delay,ps,121.076060,121.715082,123.226915,123.139728,80.000000,180.000000
LOT_003,LOT_003_CMP_0004,Iddq,uA,10.051064,10.266240,11.150442,10.768596,0.000000,50.000000
LOT_003,LOT_003_CMP_0004,leakage_current,nA,4.658198,4.655643,4.843851,4.965137,0.000000,30.000000
LOT_003,LOT_003_CMP_0004,propagation_delay,ps,122.045189,124.581505,126.746147,125.347628,80.000000,180.000000
LOT_003,LOT_003_CMP_0005,Iddq,uA,5.978202,6.362969,34.243861,164.849023,0.000000,50.000000
LOT_003,LOT_003_CMP_0005,leakage_current,nA,3.266225,3.589563,8.929230,25.057269,0.000000,30.000000
LOT_003,LOT_003_CMP_0005,propagation_delay,ps,118.049849,117.968186,118.844166,120.238497,80.000000,180.000000
LOT_003,LOT_003_CMP_0006,Iddq,uA,6.179670,6.884098,6.975494,7.320743,0.000000,50.000000
LOT_003,LOT_003_CMP_0006,leakage_current,nA,3.804756,3.845081,3.900145,3.887595,0.000000,30.000000
LOT_003,LOT_003_CMP_0006,propagation_delay,ps,114.414780,115.383377,116.186552,116.570394,80.000000,180.000000
LOT_003,LOT_003_CMP_0007,Iddq,uA,9.025468,9.344510,9.618515,9.992337,0.000000,50.000000
LOT_003,LOT_003_CMP_0007,leakage_current,nA,4.542974,4.464309,4.696055,4.716140,0.000000,30.000000
LOT_003,LOT_003_CMP_0007,propagation_delay,ps,125.457851,125.544422,127.869020,127.578930,80.000000,180.000000
LOT_003,LOT_003_CMP_0008,Iddq,uA,7.538087,8.182115,8.423379,8.688029,0.000000,50.000000
LOT_003,LOT_003_CMP_0008,leakage_current,nA,3.933170,3.972697,4.220909,4.158020,0.000000,30.000000
LOT_003,LOT_003_CMP_0008,propagation_delay,ps,134.851399,135.308018,136.212380,138.030803,80.000000,180.000000
LOT_003,LOT_003_CMP_0009,Iddq,uA,10.666839,11.175585,11.717386,11.457633,0.000000,50.000000
LOT_003,LOT_003_CMP_0009,leakage_current,nA,5.215588,5.219831,5.389162,5.471465,0.000000,30.000000
LOT_003,LOT_003_CMP_0009,propagation_delay,ps,115.393877,115.884649,117.442508,117.071119,80.000000,180.000000
LOT_003,LOT_003_CMP_0010,Iddq,uA,62.626319,62.708911,63.726154,63.472013,0.000000,50.000000
LOT_003,LOT_003_CMP_0010,leakage_current,nA,4.864989,4.859573,5.237131,5.260704,0.000000,30.000000
LOT_003,LOT_003_CMP_0010,propagation_delay,ps,123.765079,122.936662,125.014414,124.435294,80.000000,180.000000
LOT_003,LOT_003_CMP_0011,Iddq,uA,6.246695,6.495294,6.846376,6.701606,0.000000,50.000000
LOT_003,LOT_003_CMP_0011,leakage_current,nA,3.205158,3.442824,3.622278,3.684481,0.000000,30.000000
LOT_003,LOT_003_CMP_0011,propagation_delay,ps,112.388199,114.389609,115.792556,114.140034,80.000000,180.000000
LOT_003,LOT_003_CMP_0012,Iddq,uA,6.959279,7.348115,7.720069,7.722362,0.000000,50.000000
LOT_003,LOT_003_CMP_0012,leakage_current,nA,4.186492,4.290336,4.442118,4.479386,0.000000,30.000000
LOT_003,LOT_003_CMP_0012,propagation_delay,ps,122.129464,122.938667,124.156172,124.045225,80.000000,180.000000
LOT_003,LOT_003_CMP_0013,Iddq,uA,4.824691,5.246565,5.402720,5.997414,0.000000,50.000000
LOT_003,LOT_003_CMP_0013,leakage_current,nA,3.568887,3.676080,3.887207,3.724623,0.000000,30.000000
LOT_003,LOT_003_CMP_0013,propagation_delay,ps,114.793590,117.078258,117.685298,118.313692,80.000000,180.000000
LOT_003,LOT_003_CMP_0014,Iddq,uA,8.338590,8.854135,9.352524,9.520227,0.000000,50.000000
LOT_003,LOT_003_CMP_0014,leakage_current,nA,4.702657,4.658880,5.026478,5.133177,0.000000,30.000000
LOT_003,LOT_003_CMP_0014,propagation_delay,ps,126.353823,125.621020,127.695546,128.331493,80.000000,180.000000
LOT_003,LOT_003_CMP_0015,Iddq,uA,8.705769,8.687104,9.242698,9.623758,0.000000,50.000000
LOT_003,LOT_003_CMP_0015,leakage_current,nA,4.593926,4.603919,4.863918,4.947542,0.000000,30.000000
LOT_003,LOT_003_CMP_0015,propagation_delay,ps,128.026087,128.617943,129.067087,130.943233,80.000000,180.000000
LOT_003,LOT_003_CMP_0016,Iddq,uA,8.006333,8.399912,8.947804,9.313001,0.000000,50.000000
LOT_003,LOT_003_CMP_0016,leakage_current,nA,3.770519,3.889457,3.968706,4.204840,0.000000,30.000000
LOT_003,LOT_003_CMP_0016,propagation_delay,ps,121.070260,122.143823,123.812342,123.256563,80.000000,180.000000
LOT_003,LOT_003_CMP_0017,Iddq,uA,10.280808,10.547788,11.151651,11.357105,0.000000,50.000000
LOT_003,LOT_003_CMP_0017,leakage_current,nA,4.463542,4.609377,4.843812,4.862283,0.000000,30.000000
LOT_003,LOT_003_CMP_0017,propagation_delay,ps,129.085865,131.214487,130.654081,133.138338,80.000000,180.000000
LOT_003,LOT_003_CMP_0018,Iddq,uA,10.567227,10.803669,11.241916,11.421978,0.000000,50.000000
LOT_003,LOT_003_CMP_0018,leakage_current,nA,5.166476,5.186504,5.372455,5.493865,0.000000,30.000000
LOT_003,LOT_003_CMP_0018,propagation_delay,ps,112.589897,113.032946,113.402185,113.992657,80.000000,180.000000
LOT_003,LOT_003_CMP_0019,Iddq,uA,8.222882,8.953189,9.573197,9.750661,0.000000,50.000000
LOT_003,LOT_003_CMP_0019,leakage_current,nA,4.909114,5.201161,5.394385,5.314572,0.000000,30.000000
LOT_003,LOT_003_CMP_0019,propagation_delay,ps,130.510432,129.309518,131.960998,131.383319,80.000000,180.000000
LOT_003,LOT_003_CMP_0020,Iddq,uA,5.777059,5.859507,6.633261,6.940511,0.000000,50.000000
LOT_003,LOT_003_CMP_0020,leakage_current,nA,2.881452,2.957124,3.013040,3.234709,0.000000,30.000000
LOT_003,LOT_003_CMP_0020,propagation_delay,ps,118.380375,118.091392,120.526400,120.290566,80.000000,180.000000
LOT_003,LOT_003_CMP_0021,Iddq,uA,9.438518,9.863267,10.565293,10.730040,0.000000,50.000000
LOT_003,LOT_003_CMP_0021,leakage_current,nA,5.024828,5.188731,5.183773,5.349736,0.000000,30.000000
LOT_003,LOT_003_CMP_0021,propagation_delay,ps,129.483559,129.476390,131.032403,130.546247,80.000000,180.000000
LOT_003,LOT_003_CMP_0022,Iddq,uA,9.589662,9.942541,9.880334,10.731456,0.000000,50.000000
LOT_003,LOT_003_CMP_0022,leakage_current,nA,5.128011,5.426510,5.695265,5.658355,0.000000,30.000000
LOT_003,LOT_003_CMP_0022,propagation_delay,ps,116.529253,117.313770,119.842061,117.969891,80.000000,180.000000
LOT_003,LOT_003_CMP_0023,Iddq,uA,9.338181,9.507141,9.794692,10.121086,0.000000,50.000000
LOT_003,LOT_003_CMP_0023,leakage_current,nA,4.629530,4.884178,5.010917,4.885291,0.000000,30.000000
LOT_003,LOT_003_CMP_0023,propagation_delay,ps,118.426380,118.545263,121.102397,119.474067,80.000000,180.000000
LOT_003,LOT_003_CMP_0024,Iddq,uA,10.350391,10.451336,10.740185,11.047886,0.000000,50.000000
LOT_003,LOT_003_CMP_0024,leakage_current,nA,5.190686,5.256818,5.503817,5.468499,0.000000,30.000000
LOT_003,LOT_003_CMP_0024,propagation_delay,ps,123.722390,125.649500,125.342732,126.669847,80.000000,180.000000
LOT_003,LOT_003_CMP_0025,Iddq,uA,6.968560,7.320816,8.209789,8.153108,0.000000,50.000000
LOT_003,LOT_003_CMP_0025,leakage_current,nA,3.959843,3.902074,4.129312,4.269354,0.000000,30.000000
LOT_003,LOT_003_CMP_0025,propagation_delay,ps,118.634820,120.667452,119.810621,121.030244,80.000000,180.000000
LOT_003,LOT_003_CMP_0026,Iddq,uA,11.460034,11.919164,12.256588,12.547029,0.000000,50.000000
LOT_003,LOT_003_CMP_0026,leakage_current,nA,5.324910,5.389021,5.624023,5.674788,0.000000,30.000000
LOT_003,LOT_003_CMP_0026,propagation_delay,ps,128.202183,128.415265,130.228644,129.889299,80.000000,180.000000
LOT_003,LOT_003_CMP_0027,Iddq,uA,7.346481,7.754763,8.451693,8.231153,0.000000,50.000000
LOT_003,LOT_003_CMP_0027,leakage_current,nA,3.685967,3.576897,3.883176,4.062301,0.000000,30.000000
LOT_003,LOT_003_CMP_0027,propagation_delay,ps,125.679302,125.911425,126.158342,127.118098,80.000000,180.000000
LOT_003,LOT_003_CMP_0028,Iddq,uA,9.746787,10.013274,10.545834,10.854075,0.000000,50.000000
LOT_003,LOT_003_CMP_0028,leakage_current,nA,3.877085,3.977932,4.071058,4.281636,0.000000,30.000000
LOT_003,LOT_003_CMP_0028,propagation_delay,ps,114.736680,114.972308,116.390893,116.175608,80.000000,180.000000
LOT_003,LOT_003_CMP_0029,Iddq,uA,6.432199,7.858973,35.858890,166.460710,0.000000,50.000000
LOT_003,LOT_003_CMP_0029,leakage_current,nA,4.627555,4.894267,10.277153,26.565144,0.000000,30.000000
LOT_003,LOT_003_CMP_0029,propagation_delay,ps,124.047778,123.209019,126.062772,125.575832,80.000000,180.000000
LOT_003,LOT_003_CMP_0030,Iddq,uA,7.266674,7.958205,8.331884,8.283354,0.000000,50.000000
LOT_003,LOT_003_CMP_0030,leakage_current,nA,4.047792,4.062293,4.146217,4.344751,0.000000,30.000000
LOT_003,LOT_003_CMP_0030,propagation_delay,ps,120.153942,120.490595,120.816598,122.296877,80.000000,180.000000
LOT_003,LOT_003_CMP_0031,Iddq,uA,10.930091,11.207376,11.544822,11.917811,0.000000,50.000000
LOT_003,LOT_003_CMP_0031,leakage_current,nA,5.015930,5.018808,5.145184,5.378642,0.000000,30.000000
LOT_003,LOT_003_CMP_0031,propagation_delay,ps,122.494901,125.227298,125.512280,127.427902,80.000000,180.000000
LOT_003,LOT_003_CMP_0032,Iddq,uA,8.296405,8.815921,9.115607,9.427208,0.000000,50.000000
LOT_003,LOT_003_CMP_0032,leakage_current,nA,4.037372,4.045392,4.299565,4.210845,0.000000,30.000000
LOT_003,LOT_003_CMP_0032,propagation_delay,ps,114.062772,115.051768,115.673463,117.165147,80.000000,180.000000
LOT_003,LOT_003_CMP_0033,Iddq,uA,9.797060,10.051277,10.567145,11.050363,0.000000,50.000000
LOT_003,LOT_003_CMP_0033,leakage_current,nA,4.408946,4.481264,4.520691,4.742377,0.000000,30.000000
LOT_003,LOT_003_CMP_0033,propagation_delay,ps,125.421884,127.815366,130.005934,128.499702,80.000000,180.000000
LOT_003,LOT_003_CMP_0034,Iddq,uA,9.154888,9.340067,9.600609,10.016735,0.000000,50.000000
LOT_003,LOT_003_CMP_0034,leakage_current,nA,4.588252,4.663896,5.054888,5.009429,0.000000,30.000000
LOT_003,LOT_003_CMP_0034,propagation_delay,ps,110.771567,110.707157,111.647855,113.044350,80.000000,180.000000
LOT_003,LOT_003_CMP_0035,Iddq,uA,8.583893,9.014921,9.364061,9.577141,0.000000,50.000000
LOT_003,LOT_003_CMP_0035,leakage_current,nA,4.202172,4.260477,4.535216,4.631161,0.000000,30.000000
LOT_003,LOT_003_CMP_0035,propagation_delay,ps,124.201517,125.689399,126.591758,125.310507,80.000000,180.000000
LOT_003,LOT_003_CMP_0036,Iddq,uA,10.507806,11.052738,11.507853,11.511745,0.000000,50.000000
LOT_003,LOT_003_CMP_0036,leakage_current,nA,5.333379,5.506468,5.624285,5.624997,0.000000,30.000000
LOT_003,LOT_003_CMP_0036,propagation_delay,ps,117.504684,117.862148,119.571656,119.840041,80.000000,180.000000
LOT_003,LOT_003_CMP_0037,Iddq,uA,8.498773,8.770717,9.331896,9.458272,0.000000,50.000000
LOT_003,LOT_003_CMP_0037,leakage_current,nA,4.832626,4.943489,4.946905,4.937116,0.000000,30.000000
LOT_003,LOT_003_CMP_0037,propagation_delay,ps,123.470188,122.927279,122.182140,123.469231,80.000000,180.000000
LOT_003,LOT_003_CMP_0038,Iddq,uA,6.358432,6.547273,6.970561,7.492504,0.000000,50.000000
LOT_003,LOT_003_CMP_0038,leakage_current,nA,4.067981,4.191884,4.410091,4.494917,0.000000,30.000000
LOT_003,LOT_003_CMP_0038,propagation_delay,ps,118.250372,119.068846,119.330495,120.049698,80.000000,180.000000
LOT_003,LOT_003_CMP_0039,Iddq,uA,7.572267,7.967127,8.431998,8.683134,0.000000,50.000000
LOT_003,LOT_003_CMP_0039,leakage_current,nA,4.534375,4.620955,4.717524,4.719758,0.000000,30.000000
LOT_003,LOT_003_CMP_0039,propagation_delay,ps,126.676138,127.086145,128.094881,130.192114,80.000000,180.000000
LOT_003,LOT_003_CMP_0040,Iddq,uA,9.428787,9.917270,10.472341,10.561774,0.000000,50.000000
LOT_003,LOT_003_CMP_0040,leakage_current,nA,5.722513,5.609214,5.802828,5.783497,0.000000,30.000000
LOT_003,LOT_003_CMP_0040,propagation_delay,ps,122.861284,123.828209,125.137882,125.202673,80.000000,180.000000
LOT_003,LOT_003_CMP_0041,Iddq,uA,9.478265,9.621726,10.044291,10.734716,0.000000,50.000000
LOT_003,LOT_003_CMP_0041,leakage_current,nA,4.384587,4.399461,4.538922,4.589550,0.000000,30.000000
LOT_003,LOT_003_CMP_0041,propagation_delay,ps,120.121933,119.567734,120.792902,121.126764,80.000000,180.000000
LOT_003,LOT_003_CMP_0042,Iddq,uA,6.651527,6.761365,7.185186,7.615168,0.000000,50.000000
LOT_003,LOT_003_CMP_0042,leakage_current,nA,4.117700,4.200198,4.246283,4.435739,0.000000,30.000000
LOT_003,LOT_003_CMP_0042,propagation_delay,ps,115.640868,116.305284,116.799129,119.081776,80.000000,180.000000
LOT_003,LOT_003_CMP_0043,Iddq,uA,7.816618,8.158928,8.713406,9.183223,0.000000,50.000000
LOT_003,LOT_003_CMP_0043,leakage_current,nA,4.745043,4.926683,5.073903,5.125632,0.000000,30.000000
LOT_003,LOT_003_CMP_0043,propagation_delay,ps,126.729748,127.838651,127.936867,129.664742,80.000000,180.000000
LOT_003,LOT_003_CMP_0044,Iddq,uA,7.929029,8.340003,8.802153,9.051447,0.000000,50.000000
LOT_003,LOT_003_CMP_0044,leakage_current,nA,4.959933,5.263470,5.249976,5.152724,0.000000,30.000000
LOT_003,LOT_003_CMP_0044,propagation_delay,ps,123.373974,123.270031,125.508077,125.883324,80.000000,180.000000
LOT_003,LOT_003_CMP_0045,Iddq,uA,8.153763,8.872240,9.111094,9.372663,0.000000,50.000000
LOT_003,LOT_003_CMP_0045,leakage_current,nA,3.850844,3.949370,4.169690,4.251087,0.000000,30.000000
LOT_003,LOT_003_CMP_0045,propagation_delay,ps,117.659442,119.486804,120.474084,120.777265,80.000000,180.000000
LOT_003,LOT_003_CMP_0046,Iddq,uA,6.687397,7.075049,7.587596,7.862746,0.000000,50.000000
LOT_003,LOT_003_CMP_0046,leakage_current,nA,4.078035,4.220092,4.247519,4.305075,0.000000,30.000000
LOT_003,LOT_003_CMP_0046,propagation_delay,ps,118.322652,118.947762,118.943502,120.409735,80.000000,180.000000
LOT_003,LOT_003_CMP_0047,Iddq,uA,8.002903,8.049718,36.181936,166.452938,0.000000,50.000000
LOT_003,LOT_003_CMP_0047,leakage_current,nA,5.013762,5.013553,10.404804,26.560709,0.000000,30.000000
LOT_003,LOT_003_CMP_0047,propagation_delay,ps,112.132285,113.881436,114.024384,115.194422,80.000000,180.000000
LOT_003,LOT_003_CMP_0048,Iddq,uA,7.596523,7.897255,8.555494,8.777989,0.000000,50.000000
LOT_003,LOT_003_CMP_0048,leakage_current,nA,4.660759,4.893258,4.878015,4.965139,0.000000,30.000000
LOT_003,LOT_003_CMP_0048,propagation_delay,ps,122.004372,122.323454,125.451020,123.932530,80.000000,180.000000
LOT_003,LOT_003_CMP_0049,Iddq,uA,9.659240,10.156540,10.607021,10.720176,0.000000,50.000000
LOT_003,LOT_003_CMP_0049,leakage_current,nA,5.002948,5.229668,5.204282,5.227768,0.000000,30.000000
LOT_003,LOT_003_CMP_0049,propagation_delay,ps,115.880745,116.007066,115.948590,115.665830,80.000000,180.000000
LOT_003,LOT_003_CMP_0050,Iddq,uA,9.756761,10.206822,10.848024,10.752688,0.000000,50.000000
LOT_003,LOT_003_CMP_0050,leakage_current,nA,4.858531,5.023276,4.916207,5.259912,0.000000,30.000000
LOT_003,LOT_003_CMP_0050,propagation_delay,ps,127.012721,128.710835,129.474362,130.631243,80.000000,180.000000
LOT_004,LOT_004_CMP_0001,Iddq,uA,10.268625,11.027839,39.469760,170.174492,0.000000,50.000000
LOT_004,LOT_004_CMP_0001,leakage_current,nA,5.225576,5.474608,10.974474,26.939007,0.000000,30.000000
LOT_004,LOT_004_CMP_0001,propagation_delay,ps,115.924272,117.675199,119.971474,118.869536,80.000000,180.000000
LOT_004,LOT_004_CMP_0002,Iddq,uA,10.072723,10.574225,11.178334,11.010776,0.000000,50.000000
LOT_004,LOT_004_CMP_0002,leakage_current,nA,4.603850,4.854933,4.724837,4.999320,0.000000,30.000000
LOT_004,LOT_004_CMP_0002,propagation_delay,ps,119.731513,121.114702,121.670405,121.584649,80.000000,180.000000
LOT_004,LOT_004_CMP_0003,Iddq,uA,10.851744,11.387245,11.953260,12.019470,0.000000,50.000000
LOT_004,LOT_004_CMP_0003,leakage_current,nA,5.042954,5.187011,5.201031,5.408437,0.000000,30.000000
LOT_004,LOT_004_CMP_0003,propagation_delay,ps,133.350266,135.264251,133.712243,134.133219,80.000000,180.000000
LOT_004,LOT_004_CMP_0004,Iddq,uA,11.551013,11.905107,12.160124,12.414914,0.000000,50.000000
LOT_004,LOT_004_CMP_0004,leakage_current,nA,5.138882,5.133357,5.304164,5.414675,0.000000,30.000000
LOT_004,LOT_004_CMP_0004,propagation_delay,ps,128.762154,127.968282,127.809830,128.237018,80.000000,180.000000
LOT_004,LOT_004_CMP_0005,Iddq,uA,10.993475,11.331985,11.963914,12.043776,0.000000,50.000000
LOT_004,LOT_004_CMP_0005,leakage_current,nA,4.694936,4.793202,4.957332,5.168873,0.000000,30.000000
LOT_004,LOT_004_CMP_0005,propagation_delay,ps,126.048513,126.018416,126.468468,126.977261,80.000000,180.000000
LOT_004,LOT_004_CMP_0006,Iddq,uA,10.079732,10.464769,10.699146,11.075763,0.000000,50.000000
LOT_004,LOT_004_CMP_0006,leakage_current,nA,4.584184,4.867623,5.049101,5.036224,0.000000,30.000000
LOT_004,LOT_004_CMP_0006,propagation_delay,ps,117.610781,115.939127,117.649846,117.933792,80.000000,180.000000
LOT_004,LOT_004_CMP_0007,Iddq,uA,7.730638,8.075108,8.566468,8.912597,0.000000,50.000000
LOT_004,LOT_004_CMP_0007,leakage_current,nA,5.041389,5.034962,5.237811,5.186945,0.000000,30.000000
LOT_004,LOT_004_CMP_0007,propagation_delay,ps,111.115248,110.379448,112.693346,114.075889,80.000000,180.000000
LOT_004,LOT_004_CMP_0008,Iddq,uA,9.674568,9.710573,10.415389,10.917383,0.000000,50.000000
LOT_004,LOT_004_CMP_0008,leakage_current,nA,4.415744,4.495383,4.693607,4.722170,0.000000,30.000000
LOT_004,LOT_004_CMP_0008,propagation_delay,ps,122.421766,122.669683,123.983281,123.539516,80.000000,180.000000
LOT_004,LOT_004_CMP_0009,Iddq,uA,11.049259,11.213975,11.627970,12.209206,0.000000,50.000000
LOT_004,LOT_004_CMP_0009,leakage_current,nA,4.999727,5.150793,5.233746,5.247426,0.000000,30.000000
LOT_004,LOT_004_CMP_0009,propagation_delay,ps,113.930482,115.557049,115.684223,114.357410,80.000000,180.000000
LOT_004,LOT_004_CMP_0010,Iddq,uA,8.771642,9.417846,9.576578,9.573577,0.000000,50.000000
LOT_004,LOT_004_CMP_0010,leakage_current,nA,4.942149,4.949269,5.026520,5.072908,0.000000,30.000000
LOT_004,LOT_004_CMP_0010,propagation_delay,ps,116.077467,115.264557,117.448525,117.450234,80.000000,180.000000
LOT_004,LOT_004_CMP_0011,Iddq,uA,11.251042,11.582740,11.992813,12.410906,0.000000,50.000000
LOT_004,LOT_004_CMP_0011,leakage_current,nA,5.298170,5.341616,5.657969,5.729813,0.000000,30.000000
LOT_004,LOT_004_CMP_0011,propagation_delay,ps,120.051421,120.479968,120.729130,122.102107,80.000000,180.000000
LOT_004,LOT_004_CMP_0012,Iddq,uA,11.595472,11.875812,12.360241,12.945122,0.000000,50.000000
LOT_004,LOT_004_CMP_0012,leakage_current,nA,4.849207,5.131960,5.095092,5.291263,0.000000,30.000000
LOT_004,LOT_004_CMP_0012,propagation_delay,ps,128.358648,127.524085,130.335115,130.206412,80.000000,180.000000
LOT_004,LOT_004_CMP_0013,Iddq,uA,10.193287,10.980677,11.528138,11.771408,0.000000,50.000000
LOT_004,LOT_004_CMP_0013,leakage_current,nA,3.712978,3.791918,4.031929,4.130768,0.000000,30.000000
LOT_004,LOT_004_CMP_0013,propagation_delay,ps,117.176222,116.002695,117.748778,118.425873,80.000000,180.000000
LOT_004,LOT_004_CMP_0014,Iddq,uA,5.769820,6.458241,7.186931,7.176974,0.000000,50.000000
LOT_004,LOT_004_CMP_0014,leakage_current,nA,3.874911,3.875643,3.992596,4.099456,0.000000,30.000000
LOT_004,LOT_004_CMP_0014,propagation_delay,ps,98.643220,99.011420,101.627260,102.198648,80.000000,180.000000
LOT_004,LOT_004_CMP_0015,Iddq,uA,8.392565,9.033004,9.332906,9.631923,0.000000,50.000000
LOT_004,LOT_004_CMP_0015,leakage_current,nA,3.279431,3.426133,3.490646,3.667343,0.000000,30.000000
LOT_004,LOT_004_CMP_0015,propagation_delay,ps,117.820368,118.558744,118.224563,121.104658,80.000000,180.000000
LOT_004,LOT_004_CMP_0016,Iddq,uA,8.141693,8.524743,8.634711,8.987535,0.000000,50.000000
LOT_004,LOT_004_CMP_0016,leakage_current,nA,6.063519,6.091411,6.052801,6.359467,0.000000,30.000000
LOT_004,LOT_004_CMP_0016,propagation_delay,ps,119.146714,121.197352,120.829807,121.550399,80.000000,180.000000
LOT_004,LOT_004_CMP_0017,Iddq,uA,9.742245,9.777351,10.221194,10.575648,0.000000,50.000000
LOT_004,LOT_004_CMP_0017,leakage_current,nA,4.591720,4.523048,4.633519,4.903360,0.000000,30.000000
LOT_004,LOT_004_CMP_0017,propagation_delay,ps,117.066961,117.722121,117.382231,118.811054,80.000000,180.000000
LOT_004,LOT_004_CMP_0018,Iddq,uA,7.551619,9.132311,36.936293,167.968296,0.000000,50.000000
LOT_004,LOT_004_CMP_0018,leakage_current,nA,4.300796,4.780913,10.358549,26.452477,0.000000,30.000000
LOT_004,LOT_004_CMP_0018,propagation_delay,ps,113.469482,114.273553,116.311895,116.888957,80.000000,180.000000
LOT_004,LOT_004_CMP_0019,Iddq,uA,11.937382,12.400109,12.878143,12.951686,0.000000,50.000000
LOT_004,LOT_004_CMP_0019,leakage_current,nA,4.713634,4.822487,5.050721,5.126599,0.000000,30.000000
LOT_004,LOT_004_CMP_0019,propagation_delay,ps,119.340408,119.919171,121.453544,120.940517,80.000000,180.000000
LOT_004,LOT_004_CMP_0020,Iddq,uA,10.437548,10.682640,11.008562,11.245448,0.000000,50.000000
LOT_004,LOT_004_CMP_0020,leakage_current,nA,4.112300,4.087994,4.369179,4.267361,0.000000,30.000000
LOT_004,LOT_004_CMP_0020,propagation_delay,ps,122.360168,124.527903,122.599629,122.413845,80.000000,180.000000
LOT_004,LOT_004_CMP_0021,Iddq,uA,12.070460,12.100024,12.679084,12.829304,0.000000,50.000000
LOT_004,LOT_004_CMP_0021,leakage_current,nA,5.186983,5.193459,5.392550,5.513431,0.000000,30.000000
LOT_004,LOT_004_CMP_0021,propagation_delay,ps,112.396052,113.129190,114.243128,113.864540,80.000000,180.000000
LOT_004,LOT_004_CMP_0022,Iddq,uA,10.654913,11.082690,11.463083,11.717311,0.000000,50.000000
LOT_004,LOT_004_CMP_0022,leakage_current,nA,4.737284,4.790389,5.035577,5.165671,0.000000,30.000000
LOT_004,LOT_004_CMP_0022,propagation_delay,ps,116.094982,117.341203,117.593128,118.563770,80.000000,180.000000
LOT_004,LOT_004_CMP_0023,Iddq,uA,11.207404,11.395410,11.511244,12.080358,0.000000,50.000000
LOT_004,LOT_004_CMP_0023,leakage_current,nA,4.708727,4.696342,4.931164,4.866805,0.000000,30.000000
LOT_004,LOT_004_CMP_0023,propagation_delay,ps,121.704065,123.491990,122.805650,124.505573,80.000000,180.000000
LOT_004,LOT_004_CMP_0024,Iddq,uA,11.031794,10.898877,11.451562,11.723684,0.000000,50.000000
LOT_004,LOT_004_CMP_0024,leakage_current,nA,4.815462,4.895243,5.173875,5.208792,0.000000,30.000000
LOT_004,LOT_004_CMP_0024,propagation_delay,ps,116.592928,116.799772,117.829628,117.312016,80.000000,180.000000
LOT_004,LOT_004_CMP_0025,Iddq,uA,11.435620,11.486805,12.237064,12.524680,0.000000,50.000000
LOT_004,LOT_004_CMP_0025,leakage_current,nA,6.100838,6.173843,6.357409,6.166963,0.000000,30.000000
LOT_004,LOT_004_CMP_0025,propagation_delay,ps,112.881561,113.035630,113.917587,115.009874,80.000000,180.000000
LOT_004,LOT_004_CMP_0026,Iddq,uA,13.507742,13.694500,14.302466,14.568811,0.000000,50.000000
LOT_004,LOT_004_CMP_0026,leakage_current,nA,5.845687,5.953418,6.161057,6.061525,0.000000,30.000000
LOT_004,LOT_004_CMP_0026,propagation_delay,ps,127.418870,128.796812,127.208955,129.226920,80.000000,180.000000
LOT_004,LOT_004_CMP_0027,Iddq,uA,11.602157,11.980931,12.358961,12.704252,0.000000,50.000000
LOT_004,LOT_004_CMP_0027,leakage_current,nA,5.599739,5.455256,5.600285,5.660200,0.000000,30.000000
LOT_004,LOT_004_CMP_0027,propagation_delay,ps,128.126286,126.861038,128.042175,128.227018,80.000000,180.000000
LOT_004,LOT_004_CMP_0028,Iddq,uA,18.476416,18.929381,19.791535,19.866611,0.000000,50.000000
LOT_004,LOT_004_CMP_0028,leakage_current,nA,4.368034,4.592047,4.611163,4.606076,0.000000,30.000000
LOT_004,LOT_004_CMP_0028,propagation_delay,ps,115.799046,116.398069,117.138614,116.412438,80.000000,180.000000
LOT_004,LOT_004_CMP_0029,Iddq,uA,10.930864,11.414919,11.819324,11.936556,0.000000,50.000000
LOT_004,LOT_004_CMP_0029,leakage_current,nA,5.315028,5.557635,5.772290,5.660662,0.000000,30.000000
LOT_004,LOT_004_CMP_0029,propagation_delay,ps,110.405412,110.646196,111.812858,112.396878,80.000000,180.000000
LOT_004,LOT_004_CMP_0030,Iddq,uA,11.824458,12.032657,12.653319,13.101718,0.000000,50.000000
LOT_004,LOT_004_CMP_0030,leakage_current,nA,4.943615,5.035424,5.082683,5.439103,0.000000,30.000000
LOT_004,LOT_004_CMP_0030,propagation_delay,ps,125.284053,125.725957,126.715997,126.889741,80.000000,180.000000
LOT_004,LOT_004_CMP_0031,Iddq,uA,11.977686,12.336345,12.754920,13.449268,0.000000,50.000000
LOT_004,LOT_004_CMP_0031,leakage_current,nA,4.260189,4.282584,4.494372,4.446763,0.000000,30.000000
LOT_004,LOT_004_CMP_0031,propagation_delay,ps,113.291893,112.045991,113.807491,114.745963,80.000000,180.000000
LOT_004,LOT_004_CMP_0032,Iddq,uA,9.791023,10.094052,10.539647,10.764562,0.000000,50.000000
LOT_004,LOT_004_CMP_0032,leakage_current,nA,4.370689,4.484838,4.776607,4.720058,0.000000,30.000000
LOT_004,LOT_004_CMP_0032,propagation_delay,ps,118.447664,119.149821,121.274932,121.421679,80.000000,180.000000
LOT_004,LOT_004_CMP_0033,Iddq,uA,12.045526,12.269422,12.852200,12.904663,0.000000,50.000000
LOT_004,LOT_004_CMP_0033,leakage_current,nA,5.401079,5.603405,5.733206,5.655212,0.000000,30.000000
LOT_004,LOT_004_CMP_0033,propagation_delay,ps,116.122139,117.380080,119.505801,117.079001,80.000000,180.000000
LOT_004,LOT_004_CMP_0034,Iddq,uA,11.671144,11.769561,12.338963,12.614450,0.000000,50.000000
LOT_004,LOT_004_CMP_0034,leakage_current,nA,4.543710,4.638619,4.819343,4.846447,0.000000,30.000000
LOT_004,LOT_004_CMP_0034,propagation_delay,ps,113.184476,115.464896,116.275075,116.833875,80.000000,180.000000
LOT_004,LOT_004_CMP_0035,Iddq,uA,13.700969,14.323490,14.838195,14.817120,0.000000,50.000000
LOT_004,LOT_004_CMP_0035,leakage_current,nA,5.514439,5.608376,5.902493,5.979581,0.000000,30.000000
LOT_004,LOT_004_CMP_0035,propagation_delay,ps,120.619807,124.432992,122.537447,124.540724,80.000000,180.000000
LOT_004,LOT_004_CMP_0036,Iddq,uA,9.426127,9.477772,10.159261,10.304143,0.000000,50.000000
LOT_004,LOT_004_CMP_0036,leakage_current,nA,2.169318,2.247397,2.462094,2.442920,0.000000,30.000000
LOT_004,LOT_004_CMP_0036,propagation_delay,ps,115.547762,117.045471,117.464713,118.072405,80.000000,180.000000
LOT_004,LOT_004_CMP_0037,Iddq,uA,9.520506,9.809978,10.339754,10.566791,0.000000,50.000000
LOT_004,LOT_004_CMP_0037,leakage_current,nA,5.169774,5.288929,5.335884,5.533268,0.000000,30.000000
LOT_004,LOT_004_CMP_0037,propagation_delay,ps,115.605200,115.191702,115.171246,117.575619,80.000000,180.000000
LOT_004,LOT_004_CMP_0038,Iddq,uA,9.892835,10.267486,10.655766,10.808240,0.000000,50.000000
LOT_004,LOT_004_CMP_0038,leakage_current,nA,4.742387,5.014479,5.038622,5.416557,0.000000,30.000000
LOT_004,LOT_004_CMP_0038,propagation_delay,ps,120.188062,120.537573,122.783367,124.085265,80.000000,180.000000
LOT_004,LOT_004_CMP_0039,Iddq,uA,9.653932,10.076654,10.172430,10.582338,0.000000,50.000000
LOT_004,LOT_004_CMP_0039,leakage_current,nA,4.665306,4.703563,5.001969,4.883685,0.000000,30.000000
LOT_004,LOT_004_CMP_0039,propagation_delay,ps,114.255722,115.370282,115.966785,117.435498,80.000000,180.000000
LOT_004,LOT_004_CMP_0040,Iddq,uA,9.130363,9.565169,10.002102,10.295368,0.000000,50.000000
LOT_004,LOT_004_CMP_0040,leakage_current,nA,4.592774,4.721176,4.875264,4.916176,0.000000,30.000000
LOT_004,LOT_004_CMP_0040,propagation_delay,ps,121.399526,121.937886,122.381570,123.859468,80.000000,180.000000
LOT_004,LOT_004_CMP_0041,Iddq,uA,6.448707,6.709906,7.168191,7.320970,0.000000,50.000000
LOT_004,LOT_004_CMP_0041,leakage_current,nA,3.709205,3.741160,3.803290,4.007498,0.000000,30.000000
LOT_004,LOT_004_CMP_0041,propagation_delay,ps,113.298196,113.107912,115.881867,115.121770,80.000000,180.000000
LOT_004,LOT_004_CMP_0042,Iddq,uA,9.660641,9.728152,37.952587,168.451916,0.000000,50.000000
LOT_004,LOT_004_CMP_0042,leakage_current,nA,4.482277,4.621716,9.939407,26.329240,0.000000,30.000000
LOT_004,LOT_004_CMP_0042,propagation_delay,ps,114.014509,112.713935,115.619632,117.375976,80.000000,180.000000
LOT_004,LOT_004_CMP_0043,Iddq,uA,11.084044,11.468873,11.499411,12.024200,0.000000,50.000000
LOT_004,LOT_004_CMP_0043,leakage_current,nA,4.224680,4.404355,4.422019,4.542799,0.000000,30.000000
LOT_004,LOT_004_CMP_0043,propagation_delay,ps,114.005121,115.751521,116.505029,116.572467,80.000000,180.000000
LOT_004,LOT_004_CMP_0044,Iddq,uA,9.437481,9.939872,10.332846,10.810216,0.000000,50.000000
LOT_004,LOT_004_CMP_0044,leakage_current,nA,3.636617,3.730845,3.723360,3.635116,0.000000,30.000000
LOT_004,LOT_004_CMP_0044,propagation_delay,ps,106.900532,109.937961,109.311432,109.518414,80.000000,180.000000
LOT_004,LOT_004_CMP_0045,Iddq,uA,13.286487,13.576436,13.848475,14.035799,0.000000,50.000000
LOT_004,LOT_004_CMP_0045,leakage_current,nA,5.410144,5.542857,5.790131,5.766425,0.000000,30.000000
LOT_004,LOT_004_CMP_0045,propagation_delay,ps,124.955228,125.796379,124.756999,126.783188,80.000000,180.000000
LOT_004,LOT_004_CMP_0046,Iddq,uA,10.305095,10.318440,10.834774,11.236284,0.000000,50.000000
LOT_004,LOT_004_CMP_0046,leakage_current,nA,4.837609,4.908187,5.051276,5.263103,0.000000,30.000000
LOT_004,LOT_004_CMP_0046,propagation_delay,ps,115.798471,117.278354,118.375626,118.029617,80.000000,180.000000
LOT_004,LOT_004_CMP_0047,Iddq,uA,12.142244,12.244576,13.154200,13.075474,0.000000,50.000000
LOT_004,LOT_004_CMP_0047,leakage_current,nA,5.799429,5.738291,5.960577,5.944569,0.000000,30.000000
LOT_004,LOT_004_CMP_0047,propagation_delay,ps,109.573786,109.617716,111.012015,111.657673,80.000000,180.000000
LOT_004,LOT_004_CMP_0048,Iddq,uA,10.578904,11.024360,11.409747,12.081214,0.000000,50.000000
LOT_004,LOT_004_CMP_0048,leakage_current,nA,5.409045,5.643814,5.641990,5.748883,0.000000,30.000000
LOT_004,LOT_004_CMP_0048,propagation_delay,ps,115.751843,116.937834,118.295697,119.882630,80.000000,180.000000
LOT_004,LOT_004_CMP_0049,Iddq,uA,11.520822,12.041657,12.388353,12.771356,0.000000,50.000000
LOT_004,LOT_004_CMP_0049,leakage_current,nA,5.616586,5.916500,5.823894,5.871909,0.000000,30.000000
LOT_004,LOT_004_CMP_0049,propagation_delay,ps,115.234168,118.553588,118.176103,117.739807,80.000000,180.000000
LOT_004,LOT_004_CMP_0050,Iddq,uA,10.908846,11.171220,11.821131,11.529039,0.000000,50.000000
LOT_004,LOT_004_CMP_0050,leakage_current,nA,4.308057,4.396256,4.412807,4.726028,0.000000,30.000000
LOT_004,LOT_004_CMP_0050,propagation_delay,ps,126.693990,127.988570,130.116459,128.432605,80.000000,180.000000
LOT_005,LOT_005_CMP_0001,Iddq,uA,9.004976,9.169075,9.665682,9.855974,0.000000,50.000000
LOT_005,LOT_005_CMP_0001,leakage_current,nA,4.656347,4.940527,5.047922,5.141467,0.000000,30.000000
LOT_005,LOT_005_CMP_0001,propagation_delay,ps,124.378849,125.455402,124.256701,126.842761,80.000000,180.000000
LOT_005,LOT_005_CMP_0002,Iddq,uA,8.890530,9.304602,9.725684,9.755624,0.000000,50.000000
LOT_005,LOT_005_CMP_0002,leakage_current,nA,4.715583,4.882434,5.122035,5.202550,0.000000,30.000000
LOT_005,LOT_005_CMP_0002,propagation_delay,ps,87.930140,88.726173,89.764241,90.543543,80.000000,180.000000
LOT_005,LOT_005_CMP_0003,Iddq,uA,11.023066,11.360639,11.908817,12.280032,0.000000,50.000000
LOT_005,LOT_005_CMP_0003,leakage_current,nA,5.431540,5.620695,5.852087,5.733761,0.000000,30.000000
LOT_005,LOT_005_CMP_0003,propagation_delay,ps,123.324771,124.796291,124.473647,124.835885,80.000000,180.000000
LOT_005,LOT_005_CMP_0004,Iddq,uA,10.451928,10.231473,38.502301,169.068683,0.000000,50.000000
LOT_005,LOT_005_CMP_0004,leakage_current,nA,5.950112,6.015914,11.403175,27.659210,0.000000,30.000000
LOT_005,LOT_005_CMP_0004,propagation_delay,ps,118.577440,119.535639,120.285238,121.384327,80.000000,180.000000
LOT_005,LOT_005_CMP_0005,Iddq,uA,6.730912,7.383809,7.759357,7.726871,0.000000,50.000000
LOT_005,LOT_005_CMP_0005,leakage_current,nA,3.948585,4.134624,4.173487,4.277999,0.000000,30.000000
LOT_005,LOT_005_CMP_0005,propagation_delay,ps,110.619048,109.708105,110.393789,112.559709,80.000000,180.000000
LOT_005,LOT_005_CMP_0006,Iddq,uA,7.942963,7.894573,36.081571,166.851033,0.000000,50.000000
LOT_005,LOT_005_CMP_0006,leakage_current,nA,4.759258,4.839568,10.396268,26.389455,0.000000,30.000000
LOT_005,LOT_005_CMP_0006,propagation_delay,ps,121.691940,121.094905,122.751101,123.678886,80.000000,180.000000
LOT_005,LOT_005_CMP_0007,Iddq,uA,11.960231,12.331986,12.481018,13.055808,0.000000,50.000000
LOT_005,LOT_005_CMP_0007,leakage_current,nA,5.522588,5.715539,5.852879,5.941529,0.000000,30.000000
LOT_005,LOT_005_CMP_0007,propagation_delay,ps,126.422828,125.964773,126.391703,128.656034,80.000000,180.000000
LOT_005,LOT_005_CMP_0008,Iddq,uA,10.337883,10.828988,11.108017,11.138954,0.000000,50.000000
LOT_005,LOT_005_CMP_0008,leakage_current,nA,4.510934,4.507986,4.702419,4.693763,0.000000,30.000000
LOT_005,LOT_005_CMP_0008,propagation_delay,ps,127.054885,125.524750,126.787835,127.630296,80.000000,180.000000
LOT_005,LOT_005_CMP_0009,Iddq,uA,8.516407,9.076385,9.726739,9.646385,0.000000,50.000000
LOT_005,LOT_005_CMP_0009,leakage_current,nA,5.038096,4.890502,5.244786,5.293357,0.000000,30.000000
LOT_005,LOT_005_CMP_0009,propagation_delay,ps,122.442025,124.448542,124.154163,124.759734,80.000000,180.000000
LOT_005,LOT_005_CMP_0010,Iddq,uA,9.452156,9.567786,10.143656,10.692619,0.000000,50.000000
LOT_005,LOT_005_CMP_0010,leakage_current,nA,5.264571,5.476034,5.642805,5.884773,0.000000,30.000000
LOT_005,LOT_005_CMP_0010,propagation_delay,ps,123.628810,123.054749,125.375873,124.226407,80.000000,180.000000
LOT_005,LOT_005_CMP_0011,Iddq,uA,9.917205,9.908582,10.731547,10.744640,0.000000,50.000000
LOT_005,LOT_005_CMP_0011,leakage_current,nA,4.513698,4.682579,4.859581,4.868314,0.000000,30.000000
LOT_005,LOT_005_CMP_0011,propagation_delay,ps,124.850945,124.427946,126.222415,126.566453,80.000000,180.000000
LOT_005,LOT_005_CMP_0012,Iddq,uA,10.768196,11.057701,11.604785,11.899594,0.000000,50.000000
LOT_005,LOT_005_CMP_0012,leakage_current,nA,5.384892,5.399073,5.539443,5.778945,0.000000,30.000000
LOT_005,LOT_005_CMP_0012,propagation_delay,ps,123.618152,124.079658,125.086932,124.203105,80.000000,180.000000
LOT_005,LOT_005_CMP_0013,Iddq,uA,7.779154,8.116388,8.747601,8.859334,0.000000,50.000000
LOT_005,LOT_005_CMP_0013,leakage_current,nA,3.738345,3.918256,4.037755,4.026266,0.000000,30.000000
LOT_005,LOT_005_CMP_0013,propagation_delay,ps,119.807270,121.738044,122.280714,120.863154,80.000000,180.000000
LOT_005,LOT_005_CMP_0014,Iddq,uA,8.523006,8.941380,9.491523,9.746215,0.000000,50.000000
LOT_005,LOT_005_CMP_0014,leakage_current,nA,4.136848,4.264927,4.360682,4.372144,0.000000,30.000000
LOT_005,LOT_005_CMP_0014,propagation_delay,ps,115.594124,116.304887,117.093727,116.099570,80.000000,180.000000
LOT_005,LOT_005_CMP_0015,Iddq,uA,10.069824,10.484451,10.891960,11.132143,0.000000,50.000000
LOT_005,LOT_005_CMP_0015,leakage_current,nA,5.540341,5.518957,5.612474,5.785364,0.000000,30.000000
LOT_005,LOT_005_CMP_0015,propagation_delay,ps,125.204695,126.430004,126.537441,125.223685,80.000000,180.000000
LOT_005,LOT_005_CMP_0016,Iddq,uA,9.572685,9.992609,10.438897,10.728156,0.000000,50.000000
LOT_005,LOT_005_CMP_0016,leakage_current,nA,4.647749,4.830281,4.996155,5.099083,0.000000,30.000000
LOT_005,LOT_005_CMP_0016,propagation_delay,ps,124.197980,125.052987,123.997835,126.150278,80.000000,180.000000
LOT_005,LOT_005_CMP_0017,Iddq,uA,10.469249,10.394973,38.631976,169.266455,0.000000,50.000000
LOT_005,LOT_005_CMP_0017,leakage_current,nA,4.511497,4.709474,10.017968,26.331089,0.000000,30.000000
LOT_005,LOT_005_CMP_0017,propagation_delay,ps,118.275878,119.811922,120.393163,121.348733,80.000000,180.000000
LOT_005,LOT_005_CMP_0018,Iddq,uA,8.044702,7.987723,35.854780,166.531352,0.000000,50.000000
LOT_005,LOT_005_CMP_0018,leakage_current,nA,4.559341,4.605389,9.957392,26.256069,0.000000,30.000000
LOT_005,LOT_005_CMP_0018,propagation_delay,ps,119.134436,119.072361,120.453670,121.343393,80.000000,180.000000
LOT_005,LOT_005_CMP_0019,Iddq,uA,10.296021,10.875619,10.951671,11.275987,0.000000,50.000000
LOT_005,LOT_005_CMP_0019,leakage_current,nA,4.897708,4.965716,5.064984,5.051594,0.000000,30.000000
LOT_005,LOT_005_CMP_0019,propagation_delay,ps,118.820650,118.856914,119.166367,120.397667,80.000000,180.000000
LOT_005,LOT_005_CMP_0020,Iddq,uA,11.118462,11.363093,39.424912,169.866879,0.000000,50.000000
LOT_005,LOT_005_CMP_0020,leakage_current,nA,5.132096,5.004255,10.513367,26.784833,0.000000,30.000000
LOT_005,LOT_005_CMP_0020,propagation_delay,ps,122.047174,121.303344,123.547043,121.979563,80.000000,180.000000
LOT_005,LOT_005_CMP_0021,Iddq,uA,10.241710,10.881877,11.484241,11.542590,0.000000,50.000000
LOT_005,LOT_005_CMP_0021,leakage_current,nA,2.644547,2.576132,2.727394,2.970043,0.000000,30.000000
LOT_005,LOT_005_CMP_0021,propagation_delay,ps,117.036480,116.924820,118.693691,119.219928,80.000000,180.000000
LOT_005,LOT_005_CMP_0022,Iddq,uA,10.083727,10.309129,10.931043,10.982985,0.000000,50.000000
LOT_005,LOT_005_CMP_0022,leakage_current,nA,4.502962,4.701305,4.675329,5.049260,0.000000,30.000000
LOT_005,LOT_005_CMP_0022,propagation_delay,ps,128.533913,129.024929,129.972119,131.540310,80.000000,180.000000
LOT_005,LOT_005_CMP_0023,Iddq,uA,9.731947,9.718886,10.628311,10.601657,0.000000,50.000000
LOT_005,LOT_005_CMP_0023,leakage_current,nA,4.544323,4.537383,4.819263,4.795557,0.000000,30.000000
LOT_005,LOT_005_CMP_0023,propagation_delay,ps,126.837759,127.016902,129.615968,130.148324,80.000000,180.000000
LOT_005,LOT_005_CMP_0024,Iddq,uA,8.585494,8.934687,9.327219,9.784138,0.000000,50.000000
LOT_005,LOT_005_CMP_0024,leakage_current,nA,4.691314,4.787893,5.037331,4.986480,0.000000,30.000000
LOT_005,LOT_005_CMP_0024,propagation_delay,ps,122.677649,121.929363,124.589540,126.065440,80.000000,180.000000
LOT_005,LOT_005_CMP_0025,Iddq,uA,9.754694,10.212354,10.324314,10.721680,0.000000,50.000000
LOT_005,LOT_005_CMP_0025,leakage_current,nA,5.266827,5.428031,5.645473,5.662342,0.000000,30.000000
LOT_005,LOT_005_CMP_0025,propagation_delay,ps,142.078599,142.643247,143.422116,145.406767,80.000000,180.000000
LOT_005,LOT_005_CMP_0026,Iddq,uA,11.820481,12.061839,12.031218,12.763779,0.000000,50.000000
LOT_005,LOT_005_CMP_0026,leakage_current,nA,6.016303,5.921739,6.158550,6.340949,0.000000,30.000000
LOT_005,LOT_005_CMP_0026,propagation_delay,ps,124.436038,123.434973,125.802620,124.090584,80.000000,180.000000
LOT_005,LOT_005_CMP_0027,Iddq,uA,9.547245,10.097935,10.388146,10.545548,0.000000,50.000000
LOT_005,LOT_005_CMP_0027,leakage_current,nA,4.700738,4.811543,4.975809,5.011454,0.000000,30.000000
LOT_005,LOT_005_CMP_0027,propagation_delay,ps,137.715917,137.923702,138.381575,138.727317,80.000000,180.000000
LOT_005,LOT_005_CMP_0028,Iddq,uA,8.465994,8.666301,9.163005,9.499001,0.000000,50.000000
LOT_005,LOT_005_CMP_0028,leakage_current,nA,5.050283,5.250204,5.269039,5.423161,0.000000,30.000000
LOT_005,LOT_005_CMP_0028,propagation_delay,ps,119.759416,119.197364,120.690050,120.506034,80.000000,180.000000
LOT_005,LOT_005_CMP_0029,Iddq,uA,9.256483,9.500112,9.684309,10.122112,0.000000,50.000000
LOT_005,LOT_005_CMP_0029,leakage_current,nA,4.574912,4.532536,4.720295,4.798649,0.000000,30.000000
LOT_005,LOT_005_CMP_0029,propagation_delay,ps,120.923231,122.647654,121.955796,123.056923,80.000000,180.000000
LOT_005,LOT_005_CMP_0030,Iddq,uA,10.189857,10.428586,10.787546,11.135189,0.000000,50.000000
LOT_005,LOT_005_CMP_0030,leakage_current,nA,5.801412,5.911198,6.100181,6.059946,0.000000,30.000000
LOT_005,LOT_005_CMP_0030,propagation_delay,ps,120.760937,120.965411,120.778520,121.797196,80.000000,180.000000
LOT_005,LOT_005_CMP_0031,Iddq,uA,9.459620,9.628671,9.830569,10.033056,0.000000,50.000000
LOT_005,LOT_005_CMP_0031,leakage_current,nA,4.328519,4.566359,4.563967,4.753969,0.000000,30.000000
LOT_005,LOT_005_CMP_0031,propagation_delay,ps,122.797166,123.379180,122.765380,125.070533,80.000000,180.000000
LOT_005,LOT_005_CMP_0032,Iddq,uA,10.376493,10.902770,11.109326,11.493011,0.000000,50.000000
LOT_005,LOT_005_CMP_0032,leakage_current,nA,5.726105,5.789594,5.971724,5.988549,0.000000,30.000000
LOT_005,LOT_005_CMP_0032,propagation_delay,ps,127.019804,129.309997,129.696549,128.735253,80.000000,180.000000
LOT_005,LOT_005_CMP_0033,Iddq,uA,10.564556,10.367888,38.360810,169.361296,0.000000,50.000000
LOT_005,LOT_005_CMP_0033,leakage_current,nA,4.730553,4.941030,10.246664,26.449958,0.000000,30.000000
LOT_005,LOT_005_CMP_0033,propagation_delay,ps,122.500439,123.124155,122.829898,124.551711,80.000000,180.000000
LOT_005,LOT_005_CMP_0034,Iddq,uA,11.008890,11.150050,11.771122,12.238797,0.000000,50.000000
LOT_005,LOT_005_CMP_0034,leakage_current,nA,41.384128,41.411360,41.396188,41.601165,0.000000,30.000000
LOT_005,LOT_005_CMP_0034,propagation_delay,ps,134.148061,134.534497,135.413671,135.562876,80.000000,180.000000
LOT_005,LOT_005_CMP_0035,Iddq,uA,11.729430,11.919036,39.784824,170.788173,0.000000,50.000000
LOT_005,LOT_005_CMP_0035,leakage_current,nA,5.740647,5.860369,11.108759,27.467364,0.000000,30.000000
LOT_005,LOT_005_CMP_0035,propagation_delay,ps,128.010797,126.916479,127.636164,128.419256,80.000000,180.000000
LOT_005,LOT_005_CMP_0036,Iddq,uA,11.446361,11.334537,11.976710,12.061283,0.000000,50.000000
LOT_005,LOT_005_CMP_0036,leakage_current,nA,6.802296,6.946061,7.195258,7.302051,0.000000,30.000000
LOT_005,LOT_005_CMP_0036,propagation_delay,ps,125.454409,125.281178,128.408421,126.558745,80.000000,180.000000
LOT_005,LOT_005_CMP_0037,Iddq,uA,8.353703,8.519706,9.453506,9.624331,0.000000,50.000000
LOT_005,LOT_005_CMP_0037,leakage_current,nA,4.587059,4.386444,4.751703,4.711161,0.000000,30.000000
LOT_005,LOT_005_CMP_0037,propagation_delay,ps,198.144880,196.668336,199.992800,199.934106,80.000000,180.000000
LOT_005,LOT_005_CMP_0038,Iddq,uA,8.476523,8.925700,9.172255,9.435165,0.000000,50.000000
LOT_005,LOT_005_CMP_0038,leakage_current,nA,4.922422,4.915252,5.269854,5.366742,0.000000,30.000000
LOT_005,LOT_005_CMP_0038,propagation_delay,ps,121.568350,122.894546,123.235327,124.196937,80.000000,180.000000
LOT_005,LOT_005_CMP_0039,Iddq,uA,9.547092,10.948714,39.298262,169.798583,0.000000,50.000000
LOT_005,LOT_005_CMP_0039,leakage_current,nA,5.538097,5.860033,11.182242,27.554484,0.000000,30.000000
LOT_005,LOT_005_CMP_0039,propagation_delay,ps,121.737119,122.300535,123.503294,122.515135,80.000000,180.000000
LOT_005,LOT_005_CMP_0040,Iddq,uA,9.096575,9.809945,37.701274,168.523060,0.000000,50.000000
LOT_005,LOT_005_CMP_0040,leakage_current,nA,4.868531,5.020608,10.293936,26.477154,0.000000,30.000000
LOT_005,LOT_005_CMP_0040,propagation_delay,ps,118.962400,118.044882,118.430985,119.216278,80.000000,180.000000
LOT_005,LOT_005_CMP_0041,Iddq,uA,7.932055,8.713689,8.899412,9.398482,0.000000,50.000000
LOT_005,LOT_005_CMP_0041,leakage_current,nA,4.564729,4.778931,4.822548,4.940771,0.000000,30.000000
LOT_005,LOT_005_CMP_0041,propagation_delay,ps,115.838605,116.248522,116.860013,116.881943,80.000000,180.000000
LOT_005,LOT_005_CMP_0042,Iddq,uA,9.416255,9.339473,9.934305,10.170893,0.000000,50.000000
LOT_005,LOT_005_CMP_0042,leakage_current,nA,5.150089,5.187508,5.384489,5.416303,0.000000,30.000000
LOT_005,LOT_005_CMP_0042,propagation_delay,ps,133.437419,135.197181,135.140863,135.120365,80.000000,180.000000
LOT_005,LOT_005_CMP_0043,Iddq,uA,9.103521,9.502746,9.966714,10.207786,0.000000,50.000000
LOT_005,LOT_005_CMP_0043,leakage_current,nA,4.684701,4.834399,5.238606,5.067448,0.000000,30.000000
LOT_005,LOT_005_CMP_0043,propagation_delay,ps,119.893237,119.341572,120.786637,120.702853,80.000000,180.000000
LOT_005,LOT_005_CMP_0044,Iddq,uA,8.890953,9.173811,9.544197,9.688916,0.000000,50.000000
LOT_005,LOT_005_CMP_0044,leakage_current,nA,4.182344,4.167877,4.436536,4.682957,0.000000,30.000000
LOT_005,LOT_005_CMP_0044,propagation_delay,ps,113.506992,113.488092,113.676705,112.680747,80.000000,180.000000
LOT_005,LOT_005_CMP_0045,Iddq,uA,9.106860,9.844195,9.991458,10.240036,0.000000,50.000000
LOT_005,LOT_005_CMP_0045,leakage_current,nA,4.481771,4.514032,4.638298,4.802902,0.000000,30.000000
LOT_005,LOT_005_CMP_0045,propagation_delay,ps,116.540762,117.147729,117.947368,119.476767,80.000000,180.000000
LOT_005,LOT_005_CMP_0046,Iddq,uA,11.362321,11.716927,12.291400,12.415554,0.000000,50.000000
LOT_005,LOT_005_CMP_0046,leakage_current,nA,5.462697,5.626565,5.779829,5.785107,0.000000,30.000000
LOT_005,LOT_005_CMP_0046,propagation_delay,ps,124.287971,124.084611,124.853273,126.643696,80.000000,180.000000
LOT_005,LOT_005_CMP_0047,Iddq,uA,10.092983,10.441110,10.873089,11.072893,0.000000,50.000000
LOT_005,LOT_005_CMP_0047,leakage_current,nA,5.601443,5.724511,5.860044,5.849584,0.000000,30.000000
LOT_005,LOT_005_CMP_0047,propagation_delay,ps,126.493980,126.053712,127.208621,127.414949,80.000000,180.000000
LOT_005,LOT_005_CMP_0048,Iddq,uA,13.244892,13.444052,14.117762,14.674356,0.000000,50.000000
LOT_005,LOT_005_CMP_0048,leakage_current,nA,6.513400,6.653035,6.749103,6.816258,0.000000,30.000000
LOT_005,LOT_005_CMP_0048,propagation_delay,ps,131.870212,130.582834,131.573723,131.169551,80.000000,180.000000
LOT_005,LOT_005_CMP_0049,Iddq,uA,9.872378,10.076333,10.885509,11.445695,0.000000,50.000000
LOT_005,LOT_005_CMP_0049,leakage_current,nA,5.320412,5.320378,5.663162,5.603509,0.000000,30.000000
LOT_005,LOT_005_CMP_0049,propagation_delay,ps,126.896858,126.118316,126.670263,127.519908,80.000000,180.000000
LOT_005,LOT_005_CMP_0050,Iddq,uA,9.454883,9.653677,10.071426,10.351112,0.000000,50.000000
LOT_005,LOT_005_CMP_0050,leakage_current,nA,4.870871,5.108354,5.071097,5.249006,0.000000,30.000000
LOT_005,LOT_005_CMP_0050,propagation_delay,ps,118.516855,118.638343,119.699938,119.662203,80.000000,180.000000
